Section_id,bow,lemmas
0,"['de', 'iustitia', 'et', 'iure']","[('de', 'de'), ('iustitia', 'iustitia'), ('et', 'et'), ('iure', 'ius')]"
1,"['de', 'origine', 'iuris', 'et', 'omnium', 'magistratuum', 'et', 'successione', 'prudentium']","[('de', 'de'), ('origine', 'origo'), ('iuris', 'ius'), ('et', 'et'), ('omnium', 'omnis'), ('magistratuum', 'magistratus'), ('et', 'et'), ('successione', 'successio'), ('prudentium', 'prudens')]"
2,"['de', 'legibus', 'senatusque', 'consultis', 'et', 'longa', 'consuetudine']","[('de', 'de'), ('legibus', 'lex'), ('senatusque', 'senatus'), ('consultis', 'consulo'), ('et', 'et'), ('longa', 'longus'), ('consuetudine', 'consuetudo')]"
3,"['de', 'constitutionibus', 'principum']","[('de', 'de'), ('constitutionibus', 'constitutio'), ('principum', 'princeps')]"
4,"['de', 'statu', 'hominum']","[('de', 'de'), ('statu', 'status'), ('hominum', 'homo')]"
5,"['de', 'his', 'qui', 'sui', 'vel', 'alieni', 'iuris', 'sunt']","[('de', 'de'), ('his', 'hic'), ('qui', 'qui'), ('sui', 'suus'), ('vel', 'vel'), ('alieni', 'alienus'), ('iuris', 'ius'), ('sunt', 'sum')]"
6,"['de', 'adoptionibus', 'et', 'emancipationibus', 'et', 'aliis', 'modis', 'quibus', 'potestas', 'solvitur']","[('de', 'de'), ('adoptionibus', 'adoptio'), ('et', 'et'), ('emancipationibus', 'emancipatio'), ('et', 'et'), ('aliis', 'alius'), ('modis', 'modus'), ('quibus', 'qui'), ('potestas', 'potestas'), ('solvitur', 'solvo')]"
7,"['de', 'divisione', 'rerum', 'et', 'qualitate']","[('de', 'de'), ('divisione', 'divisio'), ('rerum', 'res'), ('et', 'et'), ('qualitate', 'qualitas')]"
8,"['de', 'senatoribus']","[('de', 'de'), ('senatoribus', 'senator')]"
9,"['de', 'officio', 'consulis']","[('de', 'de'), ('officio', 'officium'), ('consulis', 'consul')]"
10,"['de', 'officio', 'praefecti', 'praetorio']","[('de', 'de'), ('officio', 'officium'), ('praefecti', 'praefectus'), ('praetorio', 'praetorius')]"
11,"['de', 'officio', 'praefecti', 'urbi']","[('de', 'de'), ('officio', 'officium'), ('praefecti', 'praefectus'), ('urbi', 'urbs')]"
12,"['de', 'officio', 'quaestoris']","[('de', 'de'), ('officio', 'officium'), ('quaestoris', 'quaestor')]"
13,"['de', 'officio', 'praetorum']","[('de', 'de'), ('officio', 'officium'), ('praetorum', 'praetor')]"
14,"['de', 'officio', 'praefecti', 'vigilum']","[('de', 'de'), ('officio', 'officium'), ('praefecti', 'praefectus'), ('vigilum', 'vigilis')]"
15,"['de', 'officio', 'proconsulis', 'et', 'legati']","[('de', 'de'), ('officio', 'officium'), ('proconsulis', 'proconsulis'), ('et', 'et'), ('legati', 'legatus')]"
16,"['de', 'officio', 'praefecti', 'augustalis']","[('de', 'de'), ('officio', 'officium'), ('praefecti', 'praefectus'), ('augustalis', 'augustal')]"
17,"['de', 'officio', 'praesidis']","[('de', 'de'), ('officio', 'officium'), ('praesidis', 'praesidero')]"
18,"['de', 'officio', 'procuratoris', 'caesaris', 'vel', 'rationalis']","[('de', 'de'), ('officio', 'officium'), ('procuratoris', 'procurator'), ('caesaris', 'caesar'), ('vel', 'vel'), ('rationalis', 'rational')]"
19,"['de', 'officio', 'iuridici']","[('de', 'de'), ('officio', 'officium'), ('iuridici', 'juridicus')]"
20,"['de', 'officio', 'eius']","[('de', 'de'), ('officio', 'officium'), ('eius', 'is')]"
21,"['de', 'officio', 'adsessorum']","[('de', 'de'), ('officio', 'officium'), ('adsessorum', 'adsessor')]"
22,"['de', 'iurisdictione']","[('de', 'de'), ('iurisdictione', 'iurisdictio')]"
23,"['quod', 'quisque', 'iuris', 'in', 'alterum', 'statuerit']","[('quod', 'qui'), ('quisque', 'quisque'), ('iuris', 'ius'), ('in', 'in'), ('alterum', 'alter'), ('statuerit', 'statuo')]"
24,"['si', 'quis', 'ius', 'dicenti', 'non', 'obtemperaverit']","[('si', 'si'), ('quis', 'quis'), ('ius', 'ius'), ('dicenti', 'dico'), ('non', 'non'), ('obtemperaverit', 'obtempero')]"
25,"['de', 'in', 'ius', 'vocando']","[('de', 'de'), ('in', 'in'), ('ius', 'ius'), ('vocando', 'voco')]"
26,"['si', 'quis', 'in', 'ius', 'vocatus', 'non', 'ierit', 'sive', 'quis', 'eum', 'vocaverit']","[('si', 'si'), ('quis', 'quis'), ('in', 'in'), ('ius', 'ius'), ('vocatus', 'voco'), ('non', 'non'), ('ierit', 'eo1'), ('sive', 'sive'), ('quis', 'quis'), ('eum', 'is'), ('vocaverit', 'voco')]"
27,"['in', 'ius', 'vocati', 'ut', 'eant', 'aut', 'satis', 'vel', 'cautum', 'dent']","[('in', 'in'), ('ius', 'ius'), ('vocati', 'voco'), ('ut', 'ut'), ('eant', 'eo'), ('aut', 'aut'), ('satis', 'satis'), ('vel', 'vel'), ('cautum', 'caueo'), ('dent', 'do')]"
28,"['ne', 'quis', 'eum', 'qui', 'in', 'ius', 'vocabitur', 'vi', 'eximat']","[('ne', 'ne'), ('quis', 'quis'), ('eum', 'is'), ('qui', 'qui'), ('in', 'in'), ('ius', 'ius'), ('vocabitur', 'voco'), ('vi', 'vis'), ('eximat', 'eximo')]"
29,"['qui', 'satisdare', 'cogantur', 'vel', 'iurato', 'promittant', 'vel', 'suae', 'promissioni', 'committantur']","[('qui', 'qui'), ('satisdare', 'satisdaris'), ('cogantur', 'cogo'), ('vel', 'vel'), ('iurato', 'juro'), ('promittant', 'promitto'), ('vel', 'vel'), ('suae', 'suus'), ('promissioni', 'promissio'), ('committantur', 'committo')]"
30,"['si', 'ex', 'noxali', 'causa', 'agatur']","[('si', 'si'), ('ex', 'ex'), ('noxali', 'noxal'), ('causa', 'causa'), ('agatur', 'ago')]"
31,"['de', 'eo', 'per', 'quem', 'factum', 'erit', 'quominus', 'quis', 'in', 'iudicio', 'sistat']","[('de', 'de'), ('eo', 'is'), ('per', 'per'), ('quem', 'qui'), ('factum', 'facio'), ('erit', 'sum'), ('quominus', 'quominus'), ('quis', 'quis'), ('in', 'in'), ('iudicio', 'iudicium'), ('sistat', 'sisto')]"
32,"['si', 'quis', 'cautionibus', 'in', 'iudicio', 'sistendi', 'causa', 'factis', 'non', 'obtemperaverit']","[('si', 'si'), ('quis', 'quis'), ('cautionibus', 'cautio'), ('in', 'in'), ('iudicio', 'iudicium'), ('sistendi', 'sisto'), ('causa', 'causa'), ('factis', 'facio'), ('non', 'non'), ('obtemperaverit', 'obtempero')]"
33,"['de', 'feriis', 'et', 'dilationibus', 'et', 'diversis', 'temporibus']","[('de', 'de'), ('feriis', 'feriae'), ('et', 'et'), ('dilationibus', 'dilatio'), ('et', 'et'), ('diversis', 'diverto'), ('temporibus', 'tempus')]"
34,"['de', 'edendo']","[('de', 'de'), ('edendo', 'edo1')]"
35,"['de', 'pactis']","[('de', 'de'), ('pactis', 'paciscor')]"
36,"['de', 'transactionibus']","[('de', 'de'), ('transactionibus', 'transactio')]"
37,"['de', 'postulando']","[('de', 'de'), ('postulando', 'postulo')]"
38,"['de', 'his', 'qui', 'notantur', 'infamia']","[('de', 'de'), ('his', 'hic'), ('qui', 'qui'), ('notantur', 'noto'), ('infamia', 'infamia')]"
39,"['de', 'procuratoribus', 'et', 'defensoribus']","[('de', 'de'), ('procuratoribus', 'procurator'), ('et', 'et'), ('defensoribus', 'defensor')]"
40,"['quod', 'cuiuscumque', 'universitatis', 'nomine', 'vel', 'contra', 'eam', 'agatur']","[('quod', 'qui'), ('cuiuscumque', 'quicumque'), ('universitatis', 'universitas'), ('nomine', 'nomen'), ('vel', 'vel'), ('contra', 'contra'), ('eam', 'is'), ('agatur', 'ago')]"
41,"['de', 'negotiis', 'gestis']","[('de', 'de'), ('negotiis', 'negotium'), ('gestis', 'gero')]"
42,"['de', 'calumniatoribus']","[('de', 'de'), ('calumniatoribus', 'calumniator')]"
43,"['de', 'in', 'integrum', 'restitutionibus']","[('de', 'de'), ('in', 'in'), ('integrum', 'integer'), ('restitutionibus', 'restitutio')]"
44,"['quod', 'metus', 'causa', 'gestum', 'erit']","[('quod', 'qui'), ('metus', 'metus'), ('causa', 'causa'), ('gestum', 'gero'), ('erit', 'sum')]"
45,"['de', 'dolo', 'malo']","[('de', 'de'), ('dolo', 'dolo1'), ('malo', 'malo')]"
46,"['de', 'minoribus', 'viginti', 'quinque', 'annis']","[('de', 'de'), ('minoribus', 'paruus'), ('viginti', 'viginti'), ('quinque', 'quinque'), ('annis', 'annus')]"
47,"['de', 'capite', 'minutis']","[('de', 'de'), ('capite', 'caput'), ('minutis', 'minuo')]"
48,"['ex', 'quibus', 'causis', 'maiores', 'viginti', 'quinque', 'annis', 'in', 'integrum', 'restituuntur']","[('ex', 'ex'), ('quibus', 'qui'), ('causis', 'causa'), ('maiores', 'magnus'), ('viginti', 'viginti'), ('quinque', 'quinque'), ('annis', 'annus'), ('in', 'in'), ('integrum', 'integer'), ('restituuntur', 'restituo')]"
49,"['de', 'alienatione', 'iudicii', 'mutandi', 'causa', 'facta']","[('de', 'de'), ('alienatione', 'alienatio'), ('iudicii', 'iudicium'), ('mutandi', 'muto1'), ('causa', 'causa'), ('facta', 'facio')]"
50,"['de', 'receptis']","[('de', 'de'), ('receptis', 'recipio')]"
51,"['nautae', 'caupones', 'stabularii', 'ut', 'recepta', 'restituant']","[('nautae', 'nauta'), ('caupones', 'caupo'), ('stabularii', 'stabularius'), ('ut', 'ut'), ('recepta', 'recipio'), ('restituant', 'restituo')]"
52,"['de', 'iudiciis']","[('de', 'de'), ('iudiciis', 'iudicium')]"
53,"['de', 'inofficioso', 'testamento']","[('de', 'de'), ('inofficioso', 'inofficiosus'), ('testamento', 'testamentum')]"
54,"['de', 'hereditatis', 'petitione']","[('de', 'de'), ('hereditatis', 'hereditas'), ('petitione', 'petitio')]"
55,"['si', 'pars', 'hereditatis', 'petatur']","[('si', 'si'), ('pars', 'pars'), ('hereditatis', 'hereditas'), ('petatur', 'peto')]"
56,"['de', 'possessoria', 'hereditatis', 'petitione']","[('de', 'de'), ('possessoria', 'possessorius'), ('hereditatis', 'hereditas'), ('petitione', 'petitio')]"
57,"['de', 'fideicommissaria', 'hereditatis', 'petitione']","[('de', 'de'), ('fideicommissaria', 'fideicommissarius'), ('hereditatis', 'hereditas'), ('petitione', 'petitio')]"
58,"['de', 'rei', 'vindicatione']","[('de', 'de'), ('rei', 'res'), ('vindicatione', 'vindicatio')]"
59,"['de', 'publiciana', 'in', 'rem', 'actione']","[('de', 'de'), ('publiciana', 'publiciana'), ('in', 'in'), ('rem', 'res'), ('actione', 'actio')]"
60,"['si', 'ager', 'vectigalis']","[('si', 'si'), ('ager', 'ager'), ('vectigalis', 'vectigal')]"
61,"['de', 'usu', 'fructu', 'et', 'quemadmodum', 'quis', 'utatur', 'fruatur']","[('de', 'de'), ('usu', 'usus'), ('fructu', 'fructus'), ('et', 'et'), ('quemadmodum', 'quemadmodum'), ('quis', 'quis'), ('utatur', 'uto'), ('fruatur', 'fruor')]"
62,"['de', 'usu', 'fructu', 'adcrescendo']","[('de', 'de'), ('usu', 'usus'), ('fructu', 'fructus'), ('adcrescendo', 'ad-cresco')]"
63,"['quando', 'dies', 'usus', 'fructus', 'legati', 'cedat']","[('quando', 'quando'), ('dies', 'dies'), ('usus', 'utor'), ('fructus', 'fruor'), ('legati', 'legatus'), ('cedat', 'cedo')]"
64,"['quibus', 'modis', 'usus', 'fructus', 'vel', 'usus', 'amittitur']","[('quibus', 'qui'), ('modis', 'modus'), ('usus', 'utor'), ('fructus', 'fruor'), ('vel', 'vel'), ('usus', 'utor'), ('amittitur', 'amitto')]"
65,"['de', 'usu', 'fructu', 'earum', 'rerum']","[('de', 'de'), ('usu', 'usus'), ('fructu', 'fructus'), ('earum', 'is'), ('rerum', 'res')]"
66,"['si', 'usus', 'fructus', 'petetur', 'vel', 'ad', 'alium', 'pertinere', 'negetur']","[('si', 'si'), ('usus', 'utor'), ('fructus', 'fruor'), ('petetur', 'peto'), ('vel', 'vel'), ('ad', 'ad'), ('alium', 'alius'), ('pertinere', 'pertineo'), ('negetur', 'nego')]"
67,"['de', 'operis', 'servorum']","[('de', 'de'), ('operis', 'opus'), ('servorum', 'servus1')]"
68,"['de', 'usu', 'et', 'habitatione']","[('de', 'de'), ('usu', 'usus'), ('et', 'et'), ('habitatione', 'habitatio')]"
69,"['usufructuarius', 'quemadmodum', 'caveat']","[('usufructuarius', 'usufructuarius'), ('quemadmodum', 'quemadmodum'), ('caveat', 'caveat')]"
70,"['de', 'servitutibus']","[('de', 'de'), ('servitutibus', 'servitus')]"
71,"['de', 'servitutibus', 'praediorum', 'urbanorum']","[('de', 'de'), ('servitutibus', 'servitus'), ('praediorum', 'praedium'), ('urbanorum', 'urbanus')]"
72,"['de', 'servitutibus', 'praediorum', 'rusticorum']","[('de', 'de'), ('servitutibus', 'servitus'), ('praediorum', 'praedium'), ('rusticorum', 'rusticus')]"
73,"['communia', 'praediorum', 'tam', 'urbanorum', 'quam', 'rusticorum']","[('communia', 'commune'), ('praediorum', 'praedium'), ('tam', 'tam'), ('urbanorum', 'urbanus'), ('quam', 'quam'), ('rusticorum', 'rusticus')]"
74,"['si', 'servitus', 'vindicetur', 'vel', 'ad', 'alium', 'pertinere', 'negetur']","[('si', 'si'), ('servitus', 'servio'), ('vindicetur', 'vindico'), ('vel', 'vel'), ('ad', 'ad'), ('alium', 'alius'), ('pertinere', 'pertineo'), ('negetur', 'nego')]"
75,"['quemadmodum', 'servitutes', 'amittuntur']","[('quemadmodum', 'quemadmodum'), ('servitutes', 'servitus'), ('amittuntur', 'amitto')]"
76,"['si', 'quadrupes', 'pauperiem', 'fecisse', 'dicatur']","[('si', 'si'), ('quadrupes', 'quadrupes'), ('pauperiem', 'pauperies'), ('fecisse', 'facio'), ('dicatur', 'dico')]"
77,"['ad', 'legem', 'aquiliam']","[('ad', 'ad'), ('legem', 'lex'), ('aquiliam', 'aquiliam')]"
78,"['de', 'his']","[('de', 'de'), ('his', 'hic')]"
79,"['de', 'noxalibus', 'actionibus']","[('de', 'de'), ('noxalibus', 'noxal'), ('actionibus', 'actio')]"
80,"['finium', 'regundorum']","[('finium', 'finis'), ('regundorum', 'rego')]"
81,"['familiae', 'erciscundae']","[('familiae', 'familia'), ('erciscundae', 'erciscundae')]"
82,"['communi', 'dividundo']","[('communi', 'communio1'), ('dividundo', 'divido')]"
83,"['ad', 'exhibendum']","[('ad', 'ad'), ('exhibendum', 'exhibeo')]"
84,"['de', 'interrogationibus', 'in', 'iure', 'faciendis', 'et', 'interrogatoriis', 'actionibus']","[('de', 'de'), ('interrogationibus', 'interrogatio'), ('in', 'in'), ('iure', 'ius'), ('faciendis', 'facio'), ('et', 'et'), ('interrogatoriis', 'interrogatorius'), ('actionibus', 'actio')]"
85,"['de', 'quibus', 'rebus', 'ad', 'eundem', 'iudicem', 'eatur']","[('de', 'de'), ('quibus', 'qui'), ('rebus', 'res'), ('ad', 'ad'), ('eundem', 'idem'), ('iudicem', 'judico'), ('eatur', 'eatur')]"
86,"['de', 'servo', 'corrupto']","[('de', 'de'), ('servo', 'servo'), ('corrupto', 'corrumpo')]"
87,"['de', 'fugitivis']","[('de', 'de'), ('fugitivis', 'fugitivus')]"
88,"['de', 'aleatoribus']","[('de', 'de'), ('aleatoribus', 'aleator')]"
89,"['si', 'mensor', 'falsum', 'modum', 'dixerit']","[('si', 'si'), ('mensor', 'mensor'), ('falsum', 'falsus'), ('modum', 'modus'), ('dixerit', 'dico')]"
90,"['de', 'religiosis', 'et', 'sumptibus', 'funerum', 'et', 'ut', 'funus', 'ducere', 'liceat']","[('de', 'de'), ('religiosis', 'religiosus'), ('et', 'et'), ('sumptibus', 'sumptus'), ('funerum', 'funus'), ('et', 'et'), ('ut', 'ut'), ('funus', 'funus'), ('ducere', 'duco'), ('liceat', 'licet')]"
91,"['de', 'mortuo', 'inferendo', 'et', 'sepulchro', 'aedificando']","[('de', 'de'), ('mortuo', 'mortuus'), ('inferendo', 'infero'), ('et', 'et'), ('sepulchro', 'sepulcrum'), ('aedificando', 'aedifico')]"
92,"['de', 'rebus', 'creditis', 'si', 'certum', 'petetur', 'et', 'de', 'condictione']","[('de', 'de'), ('rebus', 'res'), ('creditis', 'credo'), ('si', 'si'), ('certum', 'certus'), ('petetur', 'peto'), ('et', 'et'), ('de', 'de'), ('condictione', 'condictio')]"
93,"['de', 'iureiurando', 'sive', 'voluntario', 'sive', 'necessario', 'sive', 'iudiciali']","[('de', 'de'), ('iureiurando', 'jurejuro'), ('sive', 'sive'), ('voluntario', 'voluntarius'), ('sive', 'sive'), ('necessario', 'necessarius'), ('sive', 'sive'), ('iudiciali', 'iudicial')]"
94,"['de', 'in', 'litem', 'iurando']","[('de', 'de'), ('in', 'in'), ('litem', 'lito'), ('iurando', 'iuro')]"
95,"['de', 'condictione', 'causa', 'data', 'causa', 'non', 'secuta']","[('de', 'de'), ('condictione', 'condictio'), ('causa', 'causa'), ('data', 'do'), ('causa', 'causa'), ('non', 'non'), ('secuta', 'sequor')]"
96,"['de', 'condictione', 'ob', 'turpem', 'vel', 'iniustam', 'causam']","[('de', 'de'), ('condictione', 'condictio'), ('ob', 'ob'), ('turpem', 'turpis'), ('vel', 'vel'), ('iniustam', 'injustus'), ('causam', 'causa')]"
97,"['de', 'condictione', 'indebiti']","[('de', 'de'), ('condictione', 'condictio'), ('indebiti', 'indebitus')]"
98,"['de', 'condictione', 'sine', 'causa']","[('de', 'de'), ('condictione', 'condictio'), ('sine', 'sine'), ('causa', 'causa')]"
99,"['de', 'condictione', 'furtiva']","[('de', 'de'), ('condictione', 'condictio'), ('furtiva', 'furtivus')]"
100,"['de', 'condictione', 'ex', 'lege']","[('de', 'de'), ('condictione', 'condictio'), ('ex', 'ex'), ('lege', 'lex')]"
101,"['de', 'condictione', 'triticiaria']","[('de', 'de'), ('condictione', 'condictio'), ('triticiaria', 'triticiarius')]"
102,"['de', 'eo', 'quod', 'certo', 'loco', 'dari', 'oportet']","[('de', 'de'), ('eo', 'is'), ('quod', 'qui'), ('certo', 'certus'), ('loco', 'locus'), ('dari', 'do'), ('oportet', 'oportet')]"
103,"['de', 'pecunia', 'constituta']","[('de', 'de'), ('pecunia', 'pecunia'), ('constituta', 'constituo')]"
104,"['commodati', 'vel', 'contra']","[('commodati', 'commodo2'), ('vel', 'vel'), ('contra', 'contra')]"
105,"['de', 'pigneraticia', 'actione', 'vel', 'contra']","[('de', 'de'), ('pigneraticia', 'pigneraticia'), ('actione', 'actio'), ('vel', 'vel'), ('contra', 'contra')]"
106,"['de', 'exercitoria', 'actione']","[('de', 'de'), ('exercitoria', 'exercitorius'), ('actione', 'actio')]"
107,"['de', 'lege', 'rodia', 'de', 'iactu']","[('de', 'de'), ('lege', 'lex'), ('rodia', 'rodia'), ('de', 'de'), ('iactu', 'iactus')]"
108,"['de', 'institoria', 'actione']","[('de', 'de'), ('institoria', 'institorius'), ('actione', 'actio')]"
109,"['de', 'tributoria', 'actione']","[('de', 'de'), ('tributoria', 'tributorius'), ('actione', 'actio')]"
110,"['quod', 'cum', 'eo']","[('quod', 'qui'), ('cum', 'cum2'), ('eo', 'is')]"
111,"['de', 'senatus', 'consulto', 'macedoniano']","[('de', 'de'), ('senatus', 'senatus'), ('consulto', 'consultum'), ('macedoniano', 'macedoniano')]"
112,"['de', 'peculio']","[('de', 'de'), ('peculio', 'peculio')]"
113,"['quando', 'de', 'peculio', 'actio', 'annalis', 'est']","[('quando', 'quando'), ('de', 'de'), ('peculio', 'peculio'), ('actio', 'actium'), ('annalis', 'annal'), ('est', 'sum')]"
114,"['de', 'in', 'rem', 'verso']","[('de', 'de'), ('in', 'in'), ('rem', 'res'), ('verso', 'verso')]"
115,"['quod', 'iussu']","[('quod', 'qui'), ('iussu', 'iussus')]"
116,"['ad', 'senatus', 'consultum', 'velleianum']","[('ad', 'ad'), ('senatus', 'senatus'), ('consultum', 'consulo'), ('velleianum', 'velleianum')]"
117,"['de', 'compensationibus']","[('de', 'de'), ('compensationibus', 'compensatio')]"
118,"['depositi', 'vel', 'contra']","[('depositi', 'depono'), ('vel', 'vel'), ('contra', 'contra')]"
119,"['mandati', 'vel', 'contra']","[('mandati', 'mando1'), ('vel', 'vel'), ('contra', 'contra')]"
120,"['pro', 'socio']","[('pro', 'pro'), ('socio', 'socius')]"
121,"['de', 'contrahenda', 'emptione', 'et', 'de', 'pactis', 'inter', 'emptorem', 'et', 'venditorem', 'compositis', 'et', 'quae', 'res', 'venire', 'non', 'possunt']","[('de', 'de'), ('contrahenda', 'contraho'), ('emptione', 'emptio'), ('et', 'et'), ('de', 'de'), ('pactis', 'paciscor'), ('inter', 'inter'), ('emptorem', 'emptor'), ('et', 'et'), ('venditorem', 'venditor'), ('compositis', 'compono'), ('et', 'et'), ('quae', 'qui'), ('res', 'res'), ('venire', 'venio'), ('non', 'non'), ('possunt', 'possum')]"
122,"['de', 'in', 'diem', 'addictione']","[('de', 'de'), ('in', 'in'), ('diem', 'dies'), ('addictione', 'addictio')]"
123,"['de', 'lege', 'commissoria']","[('de', 'de'), ('lege', 'lex'), ('commissoria', 'commissoria')]"
124,"['de', 'hereditate', 'vel', 'actione', 'vendita']","[('de', 'de'), ('hereditate', 'hereditas'), ('vel', 'vel'), ('actione', 'actio'), ('vendita', 'vendo')]"
125,"['de', 'rescindenda', 'venditione', 'et', 'quando', 'licet', 'ab', 'emptione', 'discedere']","[('de', 'de'), ('rescindenda', 'rescindo'), ('venditione', 'venditio'), ('et', 'et'), ('quando', 'quando'), ('licet', 'licet'), ('ab', 'ab'), ('emptione', 'emptio'), ('discedere', 'discedo')]"
126,"['de', 'periculo', 'et', 'commodo', 'rei', 'venditae']","[('de', 'de'), ('periculo', 'periculum'), ('et', 'et'), ('commodo', 'commodum'), ('rei', 'res'), ('venditae', 'vendo')]"
127,"['de', 'servis', 'exportandis']","[('de', 'de'), ('servis', 'servio'), ('exportandis', 'exporto')]"
128,"['de', 'actionibus', 'empti', 'venditi']","[('de', 'de'), ('actionibus', 'actio'), ('empti', 'emo'), ('venditi', 'vendo')]"
129,"['locati', 'conducti']","[('locati', 'loco'), ('conducti', 'conduco')]"
130,"['de', 'aestimatoria']","[('de', 'de'), ('aestimatoria', 'aestimatoria')]"
131,"['de', 'rerum', 'permutatione']","[('de', 'de'), ('rerum', 'res'), ('permutatione', 'permutatio')]"
132,"['de', 'praescriptis', 'verbis', 'et', 'in', 'factum', 'actionibus']","[('de', 'de'), ('praescriptis', 'praescribo'), ('verbis', 'verbum'), ('et', 'et'), ('in', 'in'), ('factum', 'facio'), ('actionibus', 'actio')]"
133,"['de', 'pignoribus', 'et', 'hypothecis', 'et', 'qualiter', 'ea', 'contrahantur', 'et', 'de', 'pactis', 'eorum']","[('de', 'de'), ('pignoribus', 'pignus'), ('et', 'et'), ('hypothecis', 'hypotheca'), ('et', 'et'), ('qualiter', 'qualis'), ('ea', 'is'), ('contrahantur', 'contraho'), ('et', 'et'), ('de', 'de'), ('pactis', 'paciscor'), ('eorum', 'is')]"
134,"['in', 'quibus', 'causis', 'pignus', 'vel', 'hypotheca', 'tacite', 'contrahitur']","[('in', 'in'), ('quibus', 'qui'), ('causis', 'causa'), ('pignus', 'pignus'), ('vel', 'vel'), ('hypotheca', 'hypotheca'), ('tacite', 'taceo'), ('contrahitur', 'contraho')]"
135,"['quae', 'res', 'pignori', 'vel', 'hypothecae', 'datae', 'olbigari', 'non', 'possunt']","[('quae', 'qui'), ('res', 'res'), ('pignori', 'pignus'), ('vel', 'vel'), ('hypothecae', 'hypotheca'), ('datae', 'do'), ('olbigari', 'olbigaris'), ('non', 'non'), ('possunt', 'possum')]"
136,"['qui', 'potiores', 'in', 'pignore', 'vel', 'hypotheca', 'habeantur', 'et', 'de', 'his', 'qui', 'in', 'priorum', 'creditorum', 'locum', 'succedunt']","[('qui', 'qui'), ('potiores', 'potis'), ('in', 'in'), ('pignore', 'pignus'), ('vel', 'vel'), ('hypotheca', 'hypotheca'), ('habeantur', 'habeo'), ('et', 'et'), ('de', 'de'), ('his', 'hic'), ('qui', 'qui'), ('in', 'in'), ('priorum', 'prior'), ('creditorum', 'creditor'), ('locum', 'locus'), ('succedunt', 'succedo')]"
137,"['de', 'distractione', 'pignorum', 'et', 'hypothecarum']","[('de', 'de'), ('distractione', 'distractio'), ('pignorum', 'pignus'), ('et', 'et'), ('hypothecarum', 'hypothecaris')]"
138,"['quibus', 'modis', 'pignus', 'vel', 'hypotheca', 'solvitur']","[('quibus', 'qui'), ('modis', 'modus'), ('pignus', 'pignus'), ('vel', 'vel'), ('hypotheca', 'hypotheca'), ('solvitur', 'solvo')]"
139,"['de', 'aedilicio', 'edicto', 'et', 'redhibitione', 'et', 'quanti', 'minoris']","[('de', 'de'), ('aedilicio', 'aedilicius'), ('edicto', 'edictum'), ('et', 'et'), ('redhibitione', 'redhibitio'), ('et', 'et'), ('quanti', 'quantus'), ('minoris', 'paruus')]"
140,"['de', 'evictionibus', 'et', 'duplae', 'stipulatione']","[('de', 'de'), ('evictionibus', 'evictio'), ('et', 'et'), ('duplae', 'dupla'), ('stipulatione', 'stipulatio')]"
141,"['de', 'exceptione', 'rei', 'venditae', 'et', 'traditae']","[('de', 'de'), ('exceptione', 'exceptio'), ('rei', 'res'), ('venditae', 'vendo'), ('et', 'et'), ('traditae', 'trado')]"
142,"['de', 'usuris', 'et', 'fructibus', 'et', 'causis', 'et', 'omnibus', 'accessionibus', 'et', 'mora']","[('de', 'de'), ('usuris', 'utor'), ('et', 'et'), ('fructibus', 'fructus2'), ('et', 'et'), ('causis', 'causa'), ('et', 'et'), ('omnibus', 'omnis'), ('accessionibus', 'accessio'), ('et', 'et'), ('mora', 'mora')]"
143,"['de', 'nautico', 'faenore']","[('de', 'de'), ('nautico', 'nauticus'), ('faenore', 'faenus')]"
144,"['de', 'probationibus', 'et', 'praesumptionibus']","[('de', 'de'), ('probationibus', 'probatio'), ('et', 'et'), ('praesumptionibus', 'praesumptio')]"
145,"['de', 'fide', 'instrumentorum', 'et', 'amissione', 'eorum']","[('de', 'de'), ('fide', 'fides'), ('instrumentorum', 'instrumentor'), ('et', 'et'), ('amissione', 'amissio'), ('eorum', 'is')]"
146,"['de', 'testibus']","[('de', 'de'), ('testibus', 'testis')]"
147,"['de', 'iuris', 'et', 'facti', 'ignorantia']","[('de', 'de'), ('iuris', 'ius'), ('et', 'et'), ('facti', 'facio'), ('ignorantia', 'ignoro')]"
148,"['de', 'sponsalibus']","[('de', 'de'), ('sponsalibus', 'sponsal')]"
149,"['de', 'ritu', 'nuptiarum']","[('de', 'de'), ('ritu', 'ritus'), ('nuptiarum', 'nuptiae')]"
150,"['de', 'iure', 'dotium']","[('de', 'de'), ('iure', 'ius'), ('dotium', 'dos')]"
151,"['de', 'pactis', 'dotalibus']","[('de', 'de'), ('pactis', 'paciscor'), ('dotalibus', 'dotal')]"
152,"['de', 'fundo', 'dotali']","[('de', 'de'), ('fundo', 'fundo1'), ('dotali', 'dotal')]"
153,"['de', 'donationibus', 'inter', 'virum', 'et', 'uxorem']","[('de', 'de'), ('donationibus', 'donatio'), ('inter', 'inter'), ('virum', 'vir'), ('et', 'et'), ('uxorem', 'uxor')]"
154,"['de', 'divortiis', 'et', 'repudiis']","[('de', 'de'), ('divortiis', 'divortiis'), ('et', 'et'), ('repudiis', 'repudium')]"
155,"['soluto', 'matrimonio', 'dos', 'quemadmodum', 'petatur']","[('soluto', 'solvo'), ('matrimonio', 'matrimonium'), ('dos', 'dos'), ('quemadmodum', 'quemadmodum'), ('petatur', 'peto')]"
156,"['de', 'inpensis', 'in', 'res', 'dotales', 'factis']","[('de', 'de'), ('inpensis', 'impensa'), ('in', 'in'), ('res', 'res'), ('dotales', 'dotal'), ('factis', 'facio')]"
157,"['de', 'actione', 'rerum', 'amotarum']","[('de', 'de'), ('actione', 'actio'), ('rerum', 'res'), ('amotarum', 'amotaris')]"
158,"['de', 'agnoscendis', 'et', 'alendis', 'liberis', 'vel', 'parentibus', 'vel', 'patronis', 'vel', 'libertis']","[('de', 'de'), ('agnoscendis', 'agnosco'), ('et', 'et'), ('alendis', 'alo'), ('liberis', 'liber'), ('vel', 'vel'), ('parentibus', 'parens'), ('vel', 'vel'), ('patronis', 'patronus'), ('vel', 'vel'), ('libertis', 'libertus')]"
159,"['de', 'inspiciendo', 'ventre', 'custodiendoque', 'partu']","[('de', 'de'), ('inspiciendo', 'inspicio'), ('ventre', 'venter'), ('custodiendoque', 'custodio'), ('partu', 'partus')]"
160,"['si', 'ventris', 'nomine', 'muliere', 'in', 'possessionem', 'missa', 'eadem', 'possessio', 'dolo', 'malo', 'ad', 'alium', 'translata', 'esse', 'dicatur']","[('si', 'si'), ('ventris', 'venter'), ('nomine', 'nomen'), ('muliere', 'mulier'), ('in', 'in'), ('possessionem', 'possessio'), ('missa', 'mitto'), ('eadem', 'idem'), ('possessio', 'possessio'), ('dolo', 'dolo1'), ('malo', 'malo'), ('ad', 'ad'), ('alium', 'alius'), ('translata', 'transfero'), ('esse', 'sum'), ('dicatur', 'dico')]"
161,"['si', 'mulier', 'ventris', 'nomine', 'in', 'possessione', 'calumniae', 'causa', 'esse', 'dicetur']","[('si', 'si'), ('mulier', 'mulier'), ('ventris', 'venter'), ('nomine', 'nomen'), ('in', 'in'), ('possessione', 'possessio'), ('calumniae', 'calumnia'), ('causa', 'causa'), ('esse', 'sum'), ('dicetur', 'dico')]"
162,"['de', 'concubinis']","[('de', 'de'), ('concubinis', 'concubina')]"
163,"['de', 'tutelis']","[('de', 'de'), ('tutelis', 'tutelis')]"
164,"['de', 'testamentaria', 'tutela']","[('de', 'de'), ('testamentaria', 'testamentarius'), ('tutela', 'tutela')]"
165,"['de', 'confirmando', 'tutore', 'vel', 'curatore']","[('de', 'de'), ('confirmando', 'confirmo'), ('tutore', 'tutor'), ('vel', 'vel'), ('curatore', 'curator')]"
166,"['de', 'legitimis', 'tutoribus']","[('de', 'de'), ('legitimis', 'legitimus'), ('tutoribus', 'tutor')]"
167,"['de', 'tutoribus', 'et', 'curatoribus', 'datis', 'ab', 'his', 'qui', 'ius', 'dandi', 'habent']","[('de', 'de'), ('tutoribus', 'tutor'), ('et', 'et'), ('curatoribus', 'curator'), ('datis', 'do'), ('ab', 'ab'), ('his', 'hic'), ('qui', 'qui'), ('ius', 'ius'), ('dandi', 'do'), ('habent', 'habeo')]"
168,"['qui', 'petant', 'tutores', 'vel', 'curatores', 'et', 'ubi', 'petantur']","[('qui', 'qui'), ('petant', 'peto'), ('tutores', 'tutor'), ('vel', 'vel'), ('curatores', 'curator'), ('et', 'et'), ('ubi', 'ubi'), ('petantur', 'peto')]"
169,"['de', 'administratione', 'et', 'periculo', 'tutorum', 'et', 'curatorum', 'qui', 'gesserint', 'vel', 'non', 'et', 'de', 'agentibus', 'vel', 'conveniendis', 'uno', 'vel', 'pluribus']","[('de', 'de'), ('administratione', 'administratio'), ('et', 'et'), ('periculo', 'periculum'), ('tutorum', 'tutor'), ('et', 'et'), ('curatorum', 'curator'), ('qui', 'qui'), ('gesserint', 'gero1'), ('vel', 'vel'), ('non', 'non'), ('et', 'et'), ('de', 'de'), ('agentibus', 'ago'), ('vel', 'vel'), ('conveniendis', 'convenio'), ('uno', 'unus'), ('vel', 'vel'), ('pluribus', 'multus')]"
170,"['de', 'auctoritate', 'et', 'consensu', 'tutorum', 'et', 'curatorum']","[('de', 'de'), ('auctoritate', 'auctoritas'), ('et', 'et'), ('consensu', 'consensus'), ('tutorum', 'tutor'), ('et', 'et'), ('curatorum', 'curator')]"
171,"['quando', 'ex', 'facto', 'tutoris', 'vel', 'curatoris', 'minores', 'agere', 'vel', 'conveniri', 'possunt']","[('quando', 'quando'), ('ex', 'ex'), ('facto', 'factum'), ('tutoris', 'tutor'), ('vel', 'vel'), ('curatoris', 'curator'), ('minores', 'paruus'), ('agere', 'ago'), ('vel', 'vel'), ('conveniri', 'convenio'), ('possunt', 'possum')]"
172,"['de', 'suspectis', 'tutoribus', 'et', 'curatoribus']","[('de', 'de'), ('suspectis', 'suspicio'), ('tutoribus', 'tutor'), ('et', 'et'), ('curatoribus', 'curator')]"
173,"['de', 'excusationibus']","[('de', 'de'), ('excusationibus', 'excusatio')]"
174,"['ubi', 'pupillus', 'educari', 'vel', 'morari', 'debeat', 'et', 'de', 'alimentis', 'ei', 'praestandis']","[('ubi', 'ubi'), ('pupillus', 'pupillus'), ('educari', 'educaris'), ('vel', 'vel'), ('morari', 'moraris'), ('debeat', 'debeo'), ('et', 'et'), ('de', 'de'), ('alimentis', 'alimentum'), ('ei', 'is'), ('praestandis', 'praesto2')]"
175,"['de', 'tutelae', 'et', 'rationibus', 'distrahendis', 'et', 'utili', 'curationis', 'causa', 'actione']","[('de', 'de'), ('tutelae', 'tutela'), ('et', 'et'), ('rationibus', 'ratio'), ('distrahendis', 'distraho'), ('et', 'et'), ('utili', 'utilis'), ('curationis', 'curatio'), ('causa', 'causa'), ('actione', 'actio')]"
176,"['de', 'contraria', 'tutelae', 'et', 'utili', 'actione']","[('de', 'de'), ('contraria', 'contrarius'), ('tutelae', 'tutela'), ('et', 'et'), ('utili', 'utilis'), ('actione', 'actio')]"
177,"['de', 'eo', 'qui', 'pro', 'tutore', 'prove', 'curatore', 'negotia', 'gessit']","[('de', 'de'), ('eo', 'is'), ('qui', 'qui'), ('pro', 'pro'), ('tutore', 'tutor'), ('prove', 'pro1'), ('curatore', 'curator'), ('negotia', 'negotium'), ('gessit', 'gero')]"
178,"['quod', 'falso', 'tutore', 'auctore', 'gestum', 'esse', 'dicatur']","[('quod', 'qui'), ('falso', 'fallo'), ('tutore', 'tutor'), ('auctore', 'auctor'), ('gestum', 'gero'), ('esse', 'sum'), ('dicatur', 'dico')]"
179,"['de', 'fideiussoribus', 'et', 'nominatoribus', 'et', 'heredibus', 'tutorum', 'et', 'curatorum']","[('de', 'de'), ('fideiussoribus', 'fideiussor'), ('et', 'et'), ('nominatoribus', 'nominator'), ('et', 'et'), ('heredibus', 'heres'), ('tutorum', 'tutor'), ('et', 'et'), ('curatorum', 'curator')]"
180,"['de', 'magistratibus', 'conveniendis']","[('de', 'de'), ('magistratibus', 'magistratus'), ('conveniendis', 'convenio')]"
181,"['de', 'rebus', 'eorum']","[('de', 'de'), ('rebus', 'res'), ('eorum', 'is')]"
182,"['de', 'curatoribus', 'furioso', 'et', 'aliis', 'extra', 'minores', 'dandis']","[('de', 'de'), ('curatoribus', 'curator'), ('furioso', 'furiosus'), ('et', 'et'), ('aliis', 'alius'), ('extra', 'extra'), ('minores', 'paruus'), ('dandis', 'do')]"
183,"['qui', 'testamenta', 'facere', 'possunt', 'et', 'quemadmodum', 'testamenta', 'fiant']","[('qui', 'qui'), ('testamenta', 'testamentum'), ('facere', 'facio'), ('possunt', 'possum'), ('et', 'et'), ('quemadmodum', 'quemadmodum'), ('testamenta', 'testamentum'), ('fiant', 'fio')]"
184,"['de', 'liberis', 'et', 'postumis', 'heredibus', 'instituendis', 'vel', 'exheredandis']","[('de', 'de'), ('liberis', 'liber'), ('et', 'et'), ('postumis', 'postumus'), ('heredibus', 'heres'), ('instituendis', 'instituo'), ('vel', 'vel'), ('exheredandis', 'exheredo')]"
185,"['de', 'iniusto', 'rupto', 'irrito', 'facto', 'testamento']","[('de', 'de'), ('iniusto', 'iniustus'), ('rupto', 'rumpo'), ('irrito', 'irrito1'), ('facto', 'factum'), ('testamento', 'testamentum')]"
186,"['de', 'his', 'quae', 'in', 'testamento', 'delentur', 'inducuntur', 'vel', 'inscribuntur']","[('de', 'de'), ('his', 'hic'), ('quae', 'qui'), ('in', 'in'), ('testamento', 'testamentum'), ('delentur', 'deleo'), ('inducuntur', 'induco'), ('vel', 'vel'), ('inscribuntur', 'inscribo')]"
187,"['de', 'heredibus', 'instituendis']","[('de', 'de'), ('heredibus', 'heres'), ('instituendis', 'instituo')]"
188,"['de', 'vulgari', 'et', 'pupillari', 'substitutione']","[('de', 'de'), ('vulgari', 'vulgaris'), ('et', 'et'), ('pupillari', 'pupillaris'), ('substitutione', 'substitutio')]"
189,"['de', 'condicionibus', 'institutionum']","[('de', 'de'), ('condicionibus', 'condicio'), ('institutionum', 'institutio')]"
190,"['de', 'iure', 'deliberandi']","[('de', 'de'), ('iure', 'ius'), ('deliberandi', 'delibero')]"
191,"['de', 'testamento', 'militis']","[('de', 'de'), ('testamento', 'testamentum'), ('militis', 'miles')]"
192,"['de', 'adquirenda', 'vel', 'omittenda', 'hereditate']","[('de', 'de'), ('adquirenda', 'acquiro'), ('vel', 'vel'), ('omittenda', 'omitto'), ('hereditate', 'hereditas')]"
193,"['testamenta', 'quemadmodum', 'aperiuntur', 'inspiciantur', 'et', 'describantur']","[('testamenta', 'testamentum'), ('quemadmodum', 'quemadmodum'), ('aperiuntur', 'aperio'), ('inspiciantur', 'inspicio'), ('et', 'et'), ('describantur', 'describo')]"
194,"['si', 'quis', 'omissa', 'causa', 'testamenti', 'ab', 'intestato', 'vel', 'alio', 'modo', 'possideat', 'hereditatem']","[('si', 'si'), ('quis', 'quis'), ('omissa', 'omitto'), ('causa', 'causa'), ('testamenti', 'testamentum'), ('ab', 'ab'), ('intestato', 'intestato'), ('vel', 'vel'), ('alio', 'alius'), ('modo', 'modo'), ('possideat', 'possideo'), ('hereditatem', 'hereditas')]"
195,"['de', 'senatus', 'consulto', 'silaniano', 'et', 'claudiano']","[('de', 'de'), ('senatus', 'senatus'), ('consulto', 'consultum'), ('silaniano', 'silaniano'), ('et', 'et'), ('claudiano', 'claudiano')]"
196,"['si', 'quis', 'aliquem', 'testari', 'prohibuerit', 'vel', 'coegerit']","[('si', 'si'), ('quis', 'quis'), ('aliquem', 'aliquis'), ('testari', 'testaris'), ('prohibuerit', 'prohibeo'), ('vel', 'vel'), ('coegerit', 'cogo')]"
197,"['de', 'iure', 'codicillorum']","[('de', 'de'), ('iure', 'ius'), ('codicillorum', 'codicilli')]"
198,"['de', 'legatis', 'et', 'fideicommissis']","[('de', 'de'), ('legatis', 'legatus'), ('et', 'et'), ('fideicommissis', 'fideicommitto')]"
199,"['de', 'legatis', 'et', 'fideicommissis']","[('de', 'de'), ('legatis', 'legatus'), ('et', 'et'), ('fideicommissis', 'fideicommitto')]"
200,"['de', 'legatis', 'et', 'fideicommissis']","[('de', 'de'), ('legatis', 'legatus'), ('et', 'et'), ('fideicommissis', 'fideicommitto')]"
201,"['de', 'annuis', 'legatis', 'et', 'fideicommissis']","[('de', 'de'), ('annuis', 'annuus'), ('legatis', 'legatus'), ('et', 'et'), ('fideicommissis', 'fideicommitto')]"
202,"['de', 'usu', 'et', 'usu', 'fructu', 'et', 'reditu', 'et', 'habitatione', 'et', 'operis', 'per', 'legatum', 'vel', 'fideicommissum', 'datis']","[('de', 'de'), ('usu', 'usus'), ('et', 'et'), ('usu', 'usus'), ('fructu', 'fructus'), ('et', 'et'), ('reditu', 'reditus'), ('et', 'et'), ('habitatione', 'habitatio'), ('et', 'et'), ('operis', 'opus'), ('per', 'per'), ('legatum', 'legatus'), ('vel', 'vel'), ('fideicommissum', 'fideicommitto'), ('datis', 'do')]"
203,"['de', 'servitute', 'legata']","[('de', 'de'), ('servitute', 'servitus'), ('legata', 'lego1')]"
204,"['de', 'dote', 'praelegata']","[('de', 'de'), ('dote', 'dos'), ('praelegata', 'praelego1')]"
205,"['de', 'optione', 'vel', 'electione', 'legata']","[('de', 'de'), ('optione', 'optio'), ('vel', 'vel'), ('electione', 'electio'), ('legata', 'lego1')]"
206,"['de', 'tritico', 'vino', 'vel', 'oleo', 'legato']","[('de', 'de'), ('tritico', 'triticum'), ('vino', 'vinum'), ('vel', 'vel'), ('oleo', 'oleum'), ('legato', 'legatus')]"
207,"['de', 'instructo', 'vel', 'instrumento', 'legato']","[('de', 'de'), ('instructo', 'instruo'), ('vel', 'vel'), ('instrumento', 'instrumentum'), ('legato', 'legatus')]"
208,"['de', 'peculio', 'legato']","[('de', 'de'), ('peculio', 'peculio'), ('legato', 'legatus')]"
209,"['de', 'penu', 'legata']","[('de', 'de'), ('penu', 'penu'), ('legata', 'lego1')]"
210,"['de', 'suppellectile', 'legata']","[('de', 'de'), ('suppellectile', 'suppellectilis'), ('legata', 'lego1')]"
211,"['de', 'alimentis', 'vel', 'cibariis', 'legatis']","[('de', 'de'), ('alimentis', 'alimentum'), ('vel', 'vel'), ('cibariis', 'cibarius'), ('legatis', 'legatus')]"
212,"['de', 'auro', 'argento', 'mundo', 'ornamentis', 'unguentis', 'veste', 'vel', 'vestimentis', 'et', 'statuis', 'legatis']","[('de', 'de'), ('auro', 'aurum'), ('argento', 'argentum'), ('mundo', 'mundus'), ('ornamentis', 'ornamentum'), ('unguentis', 'unguentum'), ('veste', 'vestis'), ('vel', 'vel'), ('vestimentis', 'vestimentum'), ('et', 'et'), ('statuis', 'statuo'), ('legatis', 'legatus')]"
213,"['de', 'liberatione', 'legata']","[('de', 'de'), ('liberatione', 'liberatio'), ('legata', 'lego1')]"
214,"['de', 'adimendis', 'vel', 'transferendis', 'legatis', 'vel', 'fideicommissis']","[('de', 'de'), ('adimendis', 'adimo'), ('vel', 'vel'), ('transferendis', 'transfero'), ('legatis', 'legatus'), ('vel', 'vel'), ('fideicommissis', 'fideicommitto')]"
215,"['de', 'rebus', 'dubiis']","[('de', 'de'), ('rebus', 'res'), ('dubiis', 'dubius')]"
216,"['de', 'his', 'quae', 'poenae', 'causa', 'relinquuntur']","[('de', 'de'), ('his', 'hic'), ('quae', 'qui'), ('poenae', 'poena'), ('causa', 'causa'), ('relinquuntur', 'relinquo')]"
217,"['de', 'regula', 'catoniana']","[('de', 'de'), ('regula', 'regula'), ('catoniana', 'catoniana')]"
218,"['de', 'his', 'quae', 'pro', 'non', 'scriptis', 'habentur']","[('de', 'de'), ('his', 'hic'), ('quae', 'qui'), ('pro', 'pro'), ('non', 'non'), ('scriptis', 'scribo'), ('habentur', 'habeo')]"
219,"['de', 'his', 'quae', 'ut', 'indignis', 'auferuntur']","[('de', 'de'), ('his', 'hic'), ('quae', 'qui'), ('ut', 'ut'), ('indignis', 'indignus'), ('auferuntur', 'aufero')]"
220,"['de', 'condicionibus', 'et', 'demonstrationibus', 'et', 'causis', 'et', 'modis', 'eorum']","[('de', 'de'), ('condicionibus', 'condicio'), ('et', 'et'), ('demonstrationibus', 'demonstratio'), ('et', 'et'), ('causis', 'causa'), ('et', 'et'), ('modis', 'modus'), ('eorum', 'is')]"
221,"['ad', 'legem', 'falcidiam']","[('ad', 'ad'), ('legem', 'lex'), ('falcidiam', 'falcidiam')]"
222,"['si', 'cui', 'plus']","[('si', 'si'), ('cui', 'qui'), ('plus', 'multus')]"
223,"['ad', 'senatus', 'consultum', 'trebellianum']","[('ad', 'ad'), ('senatus', 'senatus'), ('consultum', 'consulo'), ('trebellianum', 'trebellianum')]"
224,"['quando', 'dies', 'legatorum', 'vel', 'fideicommissorum', 'cedat']","[('quando', 'quando'), ('dies', 'dies'), ('legatorum', 'legatus'), ('vel', 'vel'), ('fideicommissorum', 'fideicommissor'), ('cedat', 'cedo')]"
225,"['ut', 'legatorum', 'seu', 'fideicommissorum', 'servandorum', 'causa', 'caveatur']","[('ut', 'ut'), ('legatorum', 'legatus'), ('seu', 'seu'), ('fideicommissorum', 'fideicommissor'), ('servandorum', 'servo'), ('causa', 'causa'), ('caveatur', 'caveatur')]"
226,"['ut', 'in', 'possessionem', 'legatorum', 'vel', 'fideicommissorum', 'servandorum', 'causa', 'esse', 'liceat']","[('ut', 'ut'), ('in', 'in'), ('possessionem', 'possessio'), ('legatorum', 'legatus'), ('vel', 'vel'), ('fideicommissorum', 'fideicommissor'), ('servandorum', 'servo'), ('causa', 'causa'), ('esse', 'sum'), ('liceat', 'licet')]"
227,"['de', 'bonorum', 'possessionibus']","[('de', 'de'), ('bonorum', 'bonus'), ('possessionibus', 'possessio')]"
228,"['si', 'tabulae', 'testamenti', 'extabunt']","[('si', 'si'), ('tabulae', 'tabula'), ('testamenti', 'testamentum'), ('extabunt', 'exto')]"
229,"['de', 'bonorum', 'possessione', 'furioso', 'infanti', 'muto', 'surdo', 'caeco', 'competente']","[('de', 'de'), ('bonorum', 'bonus'), ('possessione', 'possessio'), ('furioso', 'furiosus'), ('infanti', 'infans'), ('muto', 'muto1'), ('surdo', 'surdus'), ('caeco', 'caecus'), ('competente', 'competo')]"
230,"['de', 'bonorum', 'possessione', 'contra', 'tabulas']","[('de', 'de'), ('bonorum', 'bonus'), ('possessione', 'possessio'), ('contra', 'contra'), ('tabulas', 'tabula')]"
231,"['de', 'legatis', 'praestandis', 'contra', 'tabulas', 'bonorum', 'possessione', 'petita']","[('de', 'de'), ('legatis', 'legatus'), ('praestandis', 'praesto2'), ('contra', 'contra'), ('tabulas', 'tabula'), ('bonorum', 'bonus'), ('possessione', 'possessio'), ('petita', 'peto')]"
232,"['de', 'collatione', 'bonorum']","[('de', 'de'), ('collatione', 'collatio'), ('bonorum', 'bonus')]"
233,"['de', 'dotis', 'collatione']","[('de', 'de'), ('dotis', 'dos'), ('collatione', 'collatio')]"
234,"['de', 'coniungendis', 'cum', 'emancipato', 'liberis', 'eius']","[('de', 'de'), ('coniungendis', 'conjungo'), ('cum', 'cum2'), ('emancipato', 'emancipo'), ('liberis', 'liber'), ('eius', 'is')]"
235,"['de', 'ventre', 'in', 'possessionem', 'mittendo', 'et', 'curatore', 'eius']","[('de', 'de'), ('ventre', 'venter'), ('in', 'in'), ('possessionem', 'possessio'), ('mittendo', 'mitto'), ('et', 'et'), ('curatore', 'curator'), ('eius', 'is')]"
236,"['de', 'carboniano', 'edicto']","[('de', 'de'), ('carboniano', 'carboniano'), ('edicto', 'edictum')]"
237,"['de', 'bonorum', 'possessione', 'secundum', 'tabulas']","[('de', 'de'), ('bonorum', 'bonus'), ('possessione', 'possessio'), ('secundum', 'secundus'), ('tabulas', 'tabula')]"
238,"['si', 'a', 'parente', 'quis', 'manumissus', 'sit']","[('si', 'si'), ('a', 'ab'), ('parente', 'pareo'), ('quis', 'quis'), ('manumissus', 'manumitto'), ('sit', 'sum')]"
239,"['de', 'bonorum', 'possessione', 'ex', 'testamento', 'militis']","[('de', 'de'), ('bonorum', 'bonus'), ('possessione', 'possessio'), ('ex', 'ex'), ('testamento', 'testamentum'), ('militis', 'miles')]"
240,"['de', 'iure', 'patronatus']","[('de', 'de'), ('iure', 'ius'), ('patronatus', 'patronatus')]"
241,"['de', 'obsequiis', 'parentibus', 'et', 'patronis', 'praestandis']","[('de', 'de'), ('obsequiis', 'obsequium'), ('parentibus', 'parens'), ('et', 'et'), ('patronis', 'patronus'), ('praestandis', 'praesto2')]"
242,"['de', 'operis', 'libertorum']","[('de', 'de'), ('operis', 'opus'), ('libertorum', 'libertus')]"
243,"['de', 'bonis', 'libertorum']","[('de', 'de'), ('bonis', 'bonus'), ('libertorum', 'libertus')]"
244,"['de', 'libertis', 'universitatium']","[('de', 'de'), ('libertis', 'libertus'), ('universitatium', 'universitatium')]"
245,"['de', 'adsignandis', 'libertis']","[('de', 'de'), ('adsignandis', 'ad-signo'), ('libertis', 'libertus')]"
246,"['si', 'quid', 'in', 'fraudem', 'patroni', 'factum', 'sit']","[('si', 'si'), ('quid', 'quis'), ('in', 'in'), ('fraudem', 'fraudo'), ('patroni', 'patronus'), ('factum', 'facio'), ('sit', 'sum')]"
247,"['si', 'tabulae', 'testamenti', 'nullae', 'extabunt']","[('si', 'si'), ('tabulae', 'tabula'), ('testamenti', 'testamentum'), ('nullae', 'nullus'), ('extabunt', 'exto')]"
248,"['unde', 'legitimi']","[('unde', 'unde'), ('legitimi', 'legitimus')]"
249,"['unde', 'cognati']","[('unde', 'unde'), ('cognati', 'cognatus')]"
250,"['de', 'successorio', 'edicto']","[('de', 'de'), ('successorio', 'successorius'), ('edicto', 'edictum')]"
251,"['de', 'gradibus', 'et', 'adfinibus', 'et', 'nominibus', 'eorum']","[('de', 'de'), ('gradibus', 'gradus'), ('et', 'et'), ('adfinibus', 'affinis'), ('et', 'et'), ('nominibus', 'nomen'), ('eorum', 'is')]"
252,"['unde', 'vir', 'et', 'uxor']","[('unde', 'unde'), ('vir', 'vir'), ('et', 'et'), ('uxor', 'uxor')]"
253,"['de', 'veteranorum', 'et', 'militum', 'successione']","[('de', 'de'), ('veteranorum', 'veteranus'), ('et', 'et'), ('militum', 'miles'), ('successione', 'successio')]"
254,"['quibus', 'non', 'competit', 'bonorum', 'possessio']","[('quibus', 'qui'), ('non', 'non'), ('competit', 'competo'), ('bonorum', 'bonus'), ('possessio', 'possessio')]"
255,"['ut', 'ex', 'legibus', 'senatusve', 'consultis', 'bonorum', 'possessio', 'detur']","[('ut', 'ut'), ('ex', 'ex'), ('legibus', 'lex'), ('senatusve', 'senatusve'), ('consultis', 'consulo'), ('bonorum', 'bonus'), ('possessio', 'possessio'), ('detur', 'do')]"
256,"['quis', 'ordo', 'in', 'possessionibus', 'servetur']","[('quis', 'quis'), ('ordo', 'ordo'), ('in', 'in'), ('possessionibus', 'possessio'), ('servetur', 'servo')]"
257,"['de', 'suis', 'et', 'legitimis', 'heredibus']","[('de', 'de'), ('suis', 'suus'), ('et', 'et'), ('legitimis', 'legitimus'), ('heredibus', 'heres')]"
258,"['ad', 'senatus', 'consultum', 'tertullianum', 'et', 'orphitianum']","[('ad', 'ad'), ('senatus', 'senatus'), ('consultum', 'consulo'), ('tertullianum', 'tertullianum'), ('et', 'et'), ('orphitianum', 'orphitianum')]"
259,"['de', 'operis', 'novi', 'nuntiatione']","[('de', 'de'), ('operis', 'opus'), ('novi', 'nosco'), ('nuntiatione', 'nuntiatio')]"
260,"['de', 'damno', 'infecto', 'et', 'de', 'suggrundis', 'et', 'proiectionibus']","[('de', 'de'), ('damno', 'damnum'), ('infecto', 'inficio'), ('et', 'et'), ('de', 'de'), ('suggrundis', 'suggrunda'), ('et', 'et'), ('proiectionibus', 'proiectio')]"
261,"['de', 'aqua', 'et', 'aquae', 'pluviae', 'arcendae']","[('de', 'de'), ('aqua', 'aqua'), ('et', 'et'), ('aquae', 'aqua'), ('pluviae', 'pluvia'), ('arcendae', 'arceo')]"
262,"['de', 'publicanis', 'et', 'vectigalibus', 'et', 'commissis']","[('de', 'de'), ('publicanis', 'publicanus'), ('et', 'et'), ('vectigalibus', 'vectigal'), ('et', 'et'), ('commissis', 'committo')]"
263,"['de', 'donationibus']","[('de', 'de'), ('donationibus', 'donatio')]"
264,"['de', 'mortis', 'causa', 'donationibus', 'et', 'capionibus']","[('de', 'de'), ('mortis', 'mors'), ('causa', 'causa'), ('donationibus', 'donatio'), ('et', 'et'), ('capionibus', 'capio')]"
265,"['de', 'manumissionibus']","[('de', 'de'), ('manumissionibus', 'manumissio')]"
266,"['de', 'manumissis', 'vindicta']","[('de', 'de'), ('manumissis', 'manumitto'), ('vindicta', 'vindicta')]"
267,"['de', 'manumissionibus', 'quae', 'servis', 'ad', 'universitatem', 'pertinentibus', 'imponuntur']","[('de', 'de'), ('manumissionibus', 'manumissio'), ('quae', 'qui'), ('servis', 'servio'), ('ad', 'ad'), ('universitatem', 'universitas'), ('pertinentibus', 'pertineo'), ('imponuntur', 'impono')]"
268,"['de', 'manumissis', 'testamento']","[('de', 'de'), ('manumissis', 'manumitto'), ('testamento', 'testamentum')]"
269,"['de', 'fideicommissariis', 'libertatibus']","[('de', 'de'), ('fideicommissariis', 'fideicommissarius'), ('libertatibus', 'libertas')]"
270,"['de', 'ademptione', 'libertatis']","[('de', 'de'), ('ademptione', 'ademptio'), ('libertatis', 'libertas')]"
271,"['de', 'statuliberis']","[('de', 'de'), ('statuliberis', 'statuliberis')]"
272,"['qui', 'sine', 'manumissione', 'ad', 'libertatem', 'perveniunt']","[('qui', 'qui'), ('sine', 'sine'), ('manumissione', 'manumissio'), ('ad', 'ad'), ('libertatem', 'libertas'), ('perveniunt', 'pervenio')]"
273,"['qui', 'et', 'a', 'quibus', 'manumissi', 'liberi', 'non', 'fiunt', 'et', 'ad', 'legem', 'aeliam', 'sentiam']","[('qui', 'qui'), ('et', 'et'), ('a', 'ab'), ('quibus', 'qui'), ('manumissi', 'manumitto'), ('liberi', 'libet'), ('non', 'non'), ('fiunt', 'fio'), ('et', 'et'), ('ad', 'ad'), ('legem', 'lex'), ('aeliam', 'aeliam'), ('sentiam', 'sentio')]"
274,"['de', 'iure', 'aureorum', 'anulorum']","[('de', 'de'), ('iure', 'ius'), ('aureorum', 'aureus'), ('anulorum', 'anulus1')]"
275,"['de', 'natalibus', 'restituendis']","[('de', 'de'), ('natalibus', 'natal'), ('restituendis', 'restituo')]"
276,"['de', 'liberali', 'causa']","[('de', 'de'), ('liberali', 'liberal'), ('causa', 'causa')]"
277,"['quibus', 'ad', 'libertatem', 'proclamare', 'non', 'licet']","[('quibus', 'qui'), ('ad', 'ad'), ('libertatem', 'libertas'), ('proclamare', 'proclamaris'), ('non', 'non'), ('licet', 'licet')]"
278,"['si', 'ingenuus', 'esse', 'dicetur']","[('si', 'si'), ('ingenuus', 'ingenuus'), ('esse', 'sum'), ('dicetur', 'dico')]"
279,"['ne', 'de', 'statu', 'defunctorum', 'post', 'quinquennium', 'quaeratur']","[('ne', 'ne'), ('de', 'de'), ('statu', 'status'), ('defunctorum', 'defunctor'), ('post', 'post'), ('quinquennium', 'quinquennium'), ('quaeratur', 'quaero')]"
280,"['de', 'collusione', 'detegenda']","[('de', 'de'), ('collusione', 'collusio'), ('detegenda', 'detego')]"
281,"['de', 'adquirendo', 'rerum', 'dominio']","[('de', 'de'), ('adquirendo', 'acquiro'), ('rerum', 'res'), ('dominio', 'dominium')]"
282,"['de', 'adquirenda', 'vel', 'amittenda', 'possessione']","[('de', 'de'), ('adquirenda', 'acquiro'), ('vel', 'vel'), ('amittenda', 'amitto'), ('possessione', 'possessio')]"
283,"['de', 'usurpationibus', 'et', 'usucapionibus']","[('de', 'de'), ('usurpationibus', 'usurpatio'), ('et', 'et'), ('usucapionibus', 'usucapio')]"
284,"['pro', 'emptore']","[('pro', 'pro'), ('emptore', 'emptor')]"
285,"['pro', 'herede', 'vel', 'pro', 'possessore']","[('pro', 'pro'), ('herede', 'heres'), ('vel', 'vel'), ('pro', 'pro'), ('possessore', 'possessor')]"
286,"['pro', 'donato']","[('pro', 'pro'), ('donato', 'dono')]"
287,"['pro', 'derelicto']","[('pro', 'pro'), ('derelicto', 'derelinquo')]"
288,"['pro', 'legato']","[('pro', 'pro'), ('legato', 'legatus')]"
289,"['pro', 'dote']","[('pro', 'pro'), ('dote', 'dos')]"
290,"['pro', 'suo']","[('pro', 'pro'), ('suo', 'suus')]"
291,"['de', 're', 'iudicata', 'et', 'de', 'effectu', 'sententiarum', 'et', 'de', 'interlocutionibus']","[('de', 'de'), ('re', 'res'), ('iudicata', 'judico'), ('et', 'et'), ('de', 'de'), ('effectu', 'effectus'), ('sententiarum', 'sententiaris'), ('et', 'et'), ('de', 'de'), ('interlocutionibus', 'interlocutio')]"
292,"['de', 'confessis']","[('de', 'de'), ('confessis', 'confessum')]"
293,"['de', 'cessione', 'bonorum']","[('de', 'de'), ('cessione', 'cessio'), ('bonorum', 'bonus')]"
294,"['quibus', 'ex', 'causis', 'in', 'possessionem', 'eatur']","[('quibus', 'qui'), ('ex', 'ex'), ('causis', 'causa'), ('in', 'in'), ('possessionem', 'possessio'), ('eatur', 'eatur')]"
295,"['de', 'rebus', 'auctoritate', 'iudicis', 'possidendis', 'seu', 'vendundis']","[('de', 'de'), ('rebus', 'res'), ('auctoritate', 'auctoritas'), ('iudicis', 'judex'), ('possidendis', 'possideo'), ('seu', 'seu'), ('vendundis', 'vendo')]"
296,"['de', 'separationibus']","[('de', 'de'), ('separationibus', 'separatio')]"
297,"['de', 'curatore', 'bonis', 'dando']","[('de', 'de'), ('curatore', 'curator'), ('bonis', 'bonus'), ('dando', 'do')]"
298,"['quae', 'in', 'fraudem', 'creditorum', 'facta', 'sunt', 'ut', 'restituantur']","[('quae', 'qui'), ('in', 'in'), ('fraudem', 'fraudo'), ('creditorum', 'creditor'), ('facta', 'facio'), ('sunt', 'sum'), ('ut', 'ut'), ('restituantur', 'restituo')]"
299,"['de', 'interdictis', 'sive', 'extraordinariis', 'actionibus']","[('de', 'de'), ('interdictis', 'interdictum'), ('sive', 'sive'), ('extraordinariis', 'extraordinarius'), ('actionibus', 'actio')]"
300,"['quorum', 'bonorum']","[('quorum', 'qui'), ('bonorum', 'bonus')]"
301,"['quod', 'legatorum']","[('quod', 'qui'), ('legatorum', 'legatus')]"
302,"['ne', 'vis', 'fiat', 'ei']","[('ne', 'ne'), ('vis', 'volo1'), ('fiat', 'fio'), ('ei', 'is')]"
303,"['de', 'tabulis', 'exhibendis']","[('de', 'de'), ('tabulis', 'tabula'), ('exhibendis', 'exhibeo')]"
304,"['ne', 'quid', 'in', 'loco', 'sacro', 'fiat']","[('ne', 'ne'), ('quid', 'quis'), ('in', 'in'), ('loco', 'locus'), ('sacro', 'sacro'), ('fiat', 'fio')]"
305,"['de', 'locis', 'et', 'itineribus', 'publicis']","[('de', 'de'), ('locis', 'locus'), ('et', 'et'), ('itineribus', 'iter'), ('publicis', 'publicus')]"
306,"['ne', 'quid', 'in', 'loco', 'publico', 'vel', 'itinere', 'fiat']","[('ne', 'ne'), ('quid', 'quis'), ('in', 'in'), ('loco', 'locus'), ('publico', 'publicus'), ('vel', 'vel'), ('itinere', 'iter'), ('fiat', 'fio')]"
307,"['de', 'loco', 'publico', 'fruendo']","[('de', 'de'), ('loco', 'locus'), ('publico', 'publicus'), ('fruendo', 'fruor')]"
308,"['de', 'via', 'publica', 'et', 'si', 'quid', 'in', 'ea', 'factum', 'esse', 'dicatur']","[('de', 'de'), ('via', 'via'), ('publica', 'publicus'), ('et', 'et'), ('si', 'si'), ('quid', 'quis'), ('in', 'in'), ('ea', 'is'), ('factum', 'facio'), ('esse', 'sum'), ('dicatur', 'dico')]"
309,"['de', 'via', 'publica', 'et', 'itinere', 'publico', 'reficiendo']","[('de', 'de'), ('via', 'via'), ('publica', 'publicus'), ('et', 'et'), ('itinere', 'iter'), ('publico', 'publicus'), ('reficiendo', 'reficio')]"
310,"['de', 'fluminibus']","[('de', 'de'), ('fluminibus', 'flumen')]"
311,"['ne', 'quid', 'in', 'flumine', 'publico', 'fiat']","[('ne', 'ne'), ('quid', 'quis'), ('in', 'in'), ('flumine', 'flumen'), ('publico', 'publicus'), ('fiat', 'fio')]"
312,"['ut', 'in', 'flumine', 'publico', 'navigare', 'liceat']","[('ut', 'ut'), ('in', 'in'), ('flumine', 'flumen'), ('publico', 'publicus'), ('navigare', 'navigaris'), ('liceat', 'licet')]"
313,"['de', 'ripa', 'munienda']","[('de', 'de'), ('ripa', 'ripa'), ('munienda', 'munio')]"
314,"['de', 'vi', 'et', 'de', 'vi', 'armata']","[('de', 'de'), ('vi', 'vis'), ('et', 'et'), ('de', 'de'), ('vi', 'vis'), ('armata', 'armo')]"
315,"['uti', 'possidetis']","[('uti', 'uti'), ('possidetis', 'possideo')]"
316,"['de', 'superficiebus']","[('de', 'de'), ('superficiebus', 'superficies')]"
317,"['de', 'itinere', 'actuque', 'privato']","[('de', 'de'), ('itinere', 'iter'), ('actuque', 'ago'), ('privato', 'privo')]"
318,"['de', 'aqua', 'cottidiana', 'et', 'aestiva']","[('de', 'de'), ('aqua', 'aqua'), ('cottidiana', 'cottidianus'), ('et', 'et'), ('aestiva', 'aestivus')]"
319,"['de', 'rivis']","[('de', 'de'), ('rivis', 'rivus')]"
320,"['de', 'fonte']","[('de', 'de'), ('fonte', 'fons')]"
321,"['de', 'cloacis']","[('de', 'de'), ('cloacis', 'cloaca')]"
322,"['quod', 'vi', 'aut', 'clam']","[('quod', 'qui'), ('vi', 'vis'), ('aut', 'aut'), ('clam', 'clam')]"
323,"['de', 'remissionibus']","[('de', 'de'), ('remissionibus', 'remissio')]"
324,"['de', 'precario']","[('de', 'de'), ('precario', 'precarius')]"
325,"['de', 'arboribus', 'caedendis']","[('de', 'de'), ('arboribus', 'arbor'), ('caedendis', 'caedo')]"
326,"['de', 'glande', 'legenda']","[('de', 'de'), ('glande', 'glande'), ('legenda', 'lego2')]"
327,"['de', 'homine', 'libero', 'exhibendo']","[('de', 'de'), ('homine', 'homo'), ('libero', 'liber'), ('exhibendo', 'exhibeo')]"
328,"['de', 'liberis', 'exhibendis']","[('de', 'de'), ('liberis', 'liber'), ('exhibendis', 'exhibeo')]"
329,['utrubi'],"[('utrubi', 'utrubi')]"
330,"['de', 'migrando']","[('de', 'de'), ('migrando', 'migro')]"
331,"['de', 'salviano', 'interdicto']","[('de', 'de'), ('salviano', 'salviano'), ('interdicto', 'interdictum')]"
332,"['de', 'exceptionibus', 'praescriptionibus', 'et', 'praeiudiciis']","[('de', 'de'), ('exceptionibus', 'exceptio'), ('praescriptionibus', 'praescriptio'), ('et', 'et'), ('praeiudiciis', 'praejudicium')]"
333,"['de', 'exceptione', 'rei', 'iudicatae']","[('de', 'de'), ('exceptione', 'exceptio'), ('rei', 'res'), ('iudicatae', 'judico')]"
334,"['de', 'diversis', 'temporalibus', 'praescriptionibus', 'et', 'de', 'accessionibus', 'possessionum']","[('de', 'de'), ('diversis', 'diverto'), ('temporalibus', 'temporal'), ('praescriptionibus', 'praescriptio'), ('et', 'et'), ('de', 'de'), ('accessionibus', 'accessio'), ('possessionum', 'possessio')]"
335,"['de', 'doli', 'mali', 'et', 'metus', 'exceptione']","[('de', 'de'), ('doli', 'dolus'), ('mali', 'malus'), ('et', 'et'), ('metus', 'metus'), ('exceptione', 'exceptio')]"
336,"['quarum', 'rerum', 'actio', 'non', 'datur']","[('quarum', 'qui'), ('rerum', 'res'), ('actio', 'actium'), ('non', 'non'), ('datur', 'do')]"
337,"['de', 'litigiosis']","[('de', 'de'), ('litigiosis', 'litigiosus')]"
338,"['de', 'obligationibus', 'et', 'actionibus']","[('de', 'de'), ('obligationibus', 'obligatio'), ('et', 'et'), ('actionibus', 'actio')]"
339,"['de', 'verborum', 'obligationibus']","[('de', 'de'), ('verborum', 'verbum'), ('obligationibus', 'obligatio')]"
340,"['de', 'duobus', 'reis', 'constituendis']","[('de', 'de'), ('duobus', 'duo'), ('reis', 'redeo'), ('constituendis', 'constituo')]"
341,"['de', 'stipulatione', 'servorum']","[('de', 'de'), ('stipulatione', 'stipulatio'), ('servorum', 'servus1')]"
342,"['de', 'fideiussoribus', 'et', 'mandatoribus']","[('de', 'de'), ('fideiussoribus', 'fideiussor'), ('et', 'et'), ('mandatoribus', 'mandator')]"
343,"['de', 'novationibus', 'et', 'delegationibus']","[('de', 'de'), ('novationibus', 'novatio'), ('et', 'et'), ('delegationibus', 'delegatio')]"
344,"['de', 'solutionibus', 'et', 'liberationibus']","[('de', 'de'), ('solutionibus', 'solutio'), ('et', 'et'), ('liberationibus', 'liberatio')]"
345,"['de', 'acceptilatione']","[('de', 'de'), ('acceptilatione', 'acceptilatio')]"
346,"['de', 'stipulationibus', 'praetoriis']","[('de', 'de'), ('stipulationibus', 'stipulatio'), ('praetoriis', 'praetorius')]"
347,"['rem', 'pupilli', 'vel', 'adulescentis', 'salvam', 'fore']","[('rem', 'res'), ('pupilli', 'pupillus'), ('vel', 'vel'), ('adulescentis', 'adulescens'), ('salvam', 'salvus'), ('fore', 'sum')]"
348,"['iudicatum', 'solvi']","[('iudicatum', 'iudico'), ('solvi', 'solvo')]"
349,"['ratam', 'rem', 'haberi', 'et', 'de', 'ratihabitione']","[('ratam', 'reor'), ('rem', 'res'), ('haberi', 'habeo'), ('et', 'et'), ('de', 'de'), ('ratihabitione', 'ratihabitio')]"
350,"['de', 'privatis', 'delictis']","[('de', 'de'), ('privatis', 'privo'), ('delictis', 'delinquo')]"
351,"['de', 'furtis']","[('de', 'de'), ('furtis', 'furtum')]"
352,"['de', 'tigno', 'iuncto']","[('de', 'de'), ('tigno', 'tignum'), ('iuncto', 'jungo')]"
353,"['si', 'is']","[('si', 'si'), ('is', 'is')]"
354,"['furti', 'adversus', 'nautas', 'caupones', 'stabularios']","[('furti', 'furtum'), ('adversus', 'adverro'), ('nautas', 'nauta'), ('caupones', 'caupo'), ('stabularios', 'stabularius')]"
355,"['si', 'familia', 'furtum', 'fecisse', 'dicetur']","[('si', 'si'), ('familia', 'familia'), ('furtum', 'furtum'), ('fecisse', 'facio'), ('dicetur', 'dico')]"
356,"['arborum', 'furtim', 'caesarum']","[('arborum', 'arbor'), ('furtim', 'furtim'), ('caesarum', 'caesar')]"
357,"['vi', 'bonorum', 'raptorum', 'et', 'de', 'turba']","[('vi', 'vis'), ('bonorum', 'bonus'), ('raptorum', 'raptor'), ('et', 'et'), ('de', 'de'), ('turba', 'turba')]"
358,"['de', 'incendio', 'ruina', 'naufragio', 'rate', 'nave', 'expugnata']","[('de', 'de'), ('incendio', 'incendium'), ('ruina', 'ruina'), ('naufragio', 'naufragium'), ('rate', 'ratis'), ('nave', 'navus'), ('expugnata', 'expugno')]"
359,"['de', 'iniuriis', 'et', 'famosis', 'libellis']","[('de', 'de'), ('iniuriis', 'iniuria'), ('et', 'et'), ('famosis', 'famosus'), ('libellis', 'libellus')]"
360,"['de', 'extraordinariis', 'criminibus']","[('de', 'de'), ('extraordinariis', 'extraordinarius'), ('criminibus', 'crimen')]"
361,"['de', 'sepulchro', 'violato']","[('de', 'de'), ('sepulchro', 'sepulcrum'), ('violato', 'violo')]"
362,"['de', 'concussione']","[('de', 'de'), ('concussione', 'concussio')]"
363,"['de', 'abigeis']","[('de', 'de'), ('abigeis', 'abigeus')]"
364,"['de', 'praevaricatione']","[('de', 'de'), ('praevaricatione', 'praevaricatio')]"
365,"['de', 'receptatoribus']","[('de', 'de'), ('receptatoribus', 'receptator')]"
366,"['de', 'furibus', 'balneariis']","[('de', 'de'), ('furibus', 'fur'), ('balneariis', 'balnearius')]"
367,"['de', 'effractoribus', 'et', 'expilatoribus']","[('de', 'de'), ('effractoribus', 'effractor'), ('et', 'et'), ('expilatoribus', 'expilator')]"
368,"['expilatae', 'hereditatis']","[('expilatae', 'expilo'), ('hereditatis', 'hereditas')]"
369,['stellionatus'],"[('stellionatus', 'stellionatus')]"
370,"['de', 'termino', 'moto']","[('de', 'de'), ('termino', 'termino'), ('moto', 'moveo')]"
371,"['de', 'collegiis', 'et', 'corporibus']","[('de', 'de'), ('collegiis', 'collegium'), ('et', 'et'), ('corporibus', 'corpus')]"
372,"['de', 'popularibus', 'actionibus']","[('de', 'de'), ('popularibus', 'popularis'), ('actionibus', 'actio')]"
373,"['de', 'publicis', 'iudiciis']","[('de', 'de'), ('publicis', 'publicus'), ('iudiciis', 'iudicium')]"
374,"['de', 'accusationibus', 'et', 'inscriptionibus']","[('de', 'de'), ('accusationibus', 'accusatio'), ('et', 'et'), ('inscriptionibus', 'inscriptio')]"
375,"['de', 'custodia', 'et', 'exhibitione', 'reorum']","[('de', 'de'), ('custodia', 'custodia'), ('et', 'et'), ('exhibitione', 'exhibitio'), ('reorum', 'reus')]"
376,"['ad', 'legem', 'iuliam', 'maiestatis']","[('ad', 'ad'), ('legem', 'lex'), ('iuliam', 'iulia'), ('maiestatis', 'maiestas')]"
377,"['ad', 'legem', 'iuliam', 'de', 'adulteriis', 'coercendis']","[('ad', 'ad'), ('legem', 'lex'), ('iuliam', 'iulia'), ('de', 'de'), ('adulteriis', 'adulterium'), ('coercendis', 'coerceo')]"
378,"['ad', 'legem', 'iuliam', 'de', 'vi', 'publica']","[('ad', 'ad'), ('legem', 'lex'), ('iuliam', 'iulia'), ('de', 'de'), ('vi', 'vis'), ('publica', 'publicus')]"
379,"['ad', 'legem', 'iuliam', 'de', 'vi', 'privata']","[('ad', 'ad'), ('legem', 'lex'), ('iuliam', 'iulia'), ('de', 'de'), ('vi', 'vis'), ('privata', 'privo')]"
380,"['ad', 'legem', 'corneliam', 'de', 'siccariis', 'et', 'veneficis']","[('ad', 'ad'), ('legem', 'lex'), ('corneliam', 'corneliam'), ('de', 'de'), ('siccariis', 'siccariis'), ('et', 'et'), ('veneficis', 'veneficus')]"
381,"['de', 'lege', 'pompeia', 'de', 'parricidiis']","[('de', 'de'), ('lege', 'lex'), ('pompeia', 'pompeia'), ('de', 'de'), ('parricidiis', 'parricidium')]"
382,"['de', 'lege', 'cornelia', 'de', 'falsis', 'et', 'de', 'senatus', 'consulto', 'liboniano']","[('de', 'de'), ('lege', 'lex'), ('cornelia', 'cornelius'), ('de', 'de'), ('falsis', 'falsum'), ('et', 'et'), ('de', 'de'), ('senatus', 'senatus'), ('consulto', 'consultum'), ('liboniano', 'liboniano')]"
383,"['de', 'lege', 'iulia', 'repetundarum']","[('de', 'de'), ('lege', 'lex'), ('iulia', 'iulius'), ('repetundarum', 'repeto')]"
384,"['de', 'lege', 'iulia', 'de', 'annona']","[('de', 'de'), ('lege', 'lex'), ('iulia', 'iulius'), ('de', 'de'), ('annona', 'annona')]"
385,"['ad', 'legem', 'iuliam', 'peculatus', 'et', 'de', 'sacrilegis', 'et', 'de', 'residuis']","[('ad', 'ad'), ('legem', 'lex'), ('iuliam', 'iulia'), ('peculatus', 'peculor'), ('et', 'et'), ('de', 'de'), ('sacrilegis', 'sacrilegus'), ('et', 'et'), ('de', 'de'), ('residuis', 'residuus')]"
386,"['de', 'lege', 'iulia', 'ambitus']","[('de', 'de'), ('lege', 'lex'), ('iulia', 'iulius'), ('ambitus', 'ambitus')]"
387,"['de', 'lege', 'fabia', 'de', 'plagiariis']","[('de', 'de'), ('lege', 'lex'), ('fabia', 'fabia'), ('de', 'de'), ('plagiariis', 'plagiarius')]"
388,"['ad', 'senatus', 'consultum', 'turpillianum', 'et', 'de', 'abolitionibus', 'criminum']","[('ad', 'ad'), ('senatus', 'senatus'), ('consultum', 'consulo'), ('turpillianum', 'turpillianum'), ('et', 'et'), ('de', 'de'), ('abolitionibus', 'abolitio'), ('criminum', 'crimen')]"
389,"['de', 'requirendis', 'vel', 'absentibus', 'damnandis']","[('de', 'de'), ('requirendis', 'requiro'), ('vel', 'vel'), ('absentibus', 'absum'), ('damnandis', 'damno')]"
390,"['de', 'quaestionibus']","[('de', 'de'), ('quaestionibus', 'quaestio')]"
391,"['de', 'poenis']","[('de', 'de'), ('poenis', 'poenio')]"
392,"['de', 'bonis', 'damnatorum']","[('de', 'de'), ('bonis', 'bonus'), ('damnatorum', 'damno')]"
393,"['de', 'bonis', 'eorum']","[('de', 'de'), ('bonis', 'bonus'), ('eorum', 'is')]"
394,"['de', 'interdictis', 'et', 'relegatis', 'et', 'deportatis']","[('de', 'de'), ('interdictis', 'interdictum'), ('et', 'et'), ('relegatis', 'relego1'), ('et', 'et'), ('deportatis', 'deportas')]"
395,"['de', 'sententiam', 'passis', 'et', 'restitutis']","[('de', 'de'), ('sententiam', 'sententia'), ('passis', 'patior'), ('et', 'et'), ('restitutis', 'restitus')]"
396,"['de', 'cadaveribus', 'punitorum']","[('de', 'de'), ('cadaveribus', 'cadaver'), ('punitorum', 'punitor')]"
397,"['de', 'appellationibus', 'et', 'relegationibus']","[('de', 'de'), ('appellationibus', 'appellatio'), ('et', 'et'), ('relegationibus', 'relegatio')]"
398,"['a', 'quibus', 'appellari', 'non', 'licet']","[('a', 'ab'), ('quibus', 'qui'), ('appellari', 'appello'), ('non', 'non'), ('licet', 'licet')]"
399,"['quis', 'a', 'quo', 'appelletur']","[('quis', 'quis'), ('a', 'ab'), ('quo', 'quo'), ('appelletur', 'appello')]"
400,"['quando', 'appellandum', 'sit', 'et', 'intra', 'quae', 'tempora']","[('quando', 'quando'), ('appellandum', 'appello'), ('sit', 'sum'), ('et', 'et'), ('intra', 'intra'), ('quae', 'qui'), ('tempora', 'tempus')]"
401,"['de', 'appellationibus', 'recipiendis', 'vel', 'non']","[('de', 'de'), ('appellationibus', 'appellatio'), ('recipiendis', 'recipio'), ('vel', 'vel'), ('non', 'non')]"
402,"['de', 'libellis', 'dimissoriis']","[('de', 'de'), ('libellis', 'libellus'), ('dimissoriis', 'dimissoriis')]"
403,"['nihil', 'innovari', 'appellatione', 'interposita']","[('nihil', 'nihil'), ('innovari', 'innovaris'), ('appellatione', 'appellatio'), ('interposita', 'interpono')]"
404,"['quae', 'sententiae', 'sine', 'appellatione', 'rescindantur']","[('quae', 'qui'), ('sententiae', 'sententia'), ('sine', 'sine'), ('appellatione', 'appellatio'), ('rescindantur', 'rescindo')]"
405,"['an', 'per', 'alium', 'causae', 'appellationum', 'reddi', 'possunt']","[('an', 'an'), ('per', 'per'), ('alium', 'alius'), ('causae', 'causa'), ('appellationum', 'appellatio'), ('reddi', 'reddo'), ('possunt', 'possum')]"
406,"['si', 'tutor', 'vel', 'curator', 'magistratusve', 'creatus', 'appellaverit']","[('si', 'si'), ('tutor', 'tuto'), ('vel', 'vel'), ('curator', 'curator'), ('magistratusve', 'magistratusve'), ('creatus', 'creo'), ('appellaverit', 'appello')]"
407,"['eum', 'qui', 'appellaverit', 'in', 'provincia', 'defendi']","[('eum', 'is'), ('qui', 'qui'), ('appellaverit', 'appello'), ('in', 'in'), ('provincia', 'provincia'), ('defendi', 'defendo')]"
408,"['apud', 'eum']","[('apud', 'apud'), ('eum', 'is')]"
409,"['si', 'pendente', 'appellatione', 'mors', 'intervenerit']","[('si', 'si'), ('pendente', 'pendeo'), ('appellatione', 'appellatio'), ('mors', 'mors'), ('intervenerit', 'intervenio')]"
410,"['de', 'iure', 'fisci']","[('de', 'de'), ('iure', 'ius'), ('fisci', 'fiscus')]"
411,"['de', 'captivis', 'et', 'de', 'postliminio', 'et', 'redemptis', 'ab', 'hostibus']","[('de', 'de'), ('captivis', 'captivus'), ('et', 'et'), ('de', 'de'), ('postliminio', 'postliminium'), ('et', 'et'), ('redemptis', 're-emo'), ('ab', 'ab'), ('hostibus', 'hostis')]"
412,"['de', 're', 'militari']","[('de', 'de'), ('re', 'res'), ('militari', 'militaris')]"
413,"['de', 'castrensi', 'peculio']","[('de', 'de'), ('castrensi', 'castrensis'), ('peculio', 'peculio')]"
414,"['de', 'veteranis']","[('de', 'de'), ('veteranis', 'veteranus')]"
415,"['ad', 'municipalem', 'et', 'de', 'incolis']","[('ad', 'ad'), ('municipalem', 'municipal'), ('et', 'et'), ('de', 'de'), ('incolis', 'incolo1')]"
416,"['de', 'decurionibus', 'et', 'filiis', 'eorum']","[('de', 'de'), ('decurionibus', 'decurio'), ('et', 'et'), ('filiis', 'filius'), ('eorum', 'is')]"
417,"['de', 'albo', 'scribendo']","[('de', 'de'), ('albo', 'album'), ('scribendo', 'scribo')]"
418,"['de', 'muneribus', 'et', 'honoribus']","[('de', 'de'), ('muneribus', 'munus'), ('et', 'et'), ('honoribus', 'honor')]"
419,"['de', 'vacatione', 'et', 'excusatione', 'munerum']","[('de', 'de'), ('vacatione', 'vacatio'), ('et', 'et'), ('excusatione', 'excusatio'), ('munerum', 'munus')]"
420,"['de', 'iure', 'immunitatis']","[('de', 'de'), ('iure', 'ius'), ('immunitatis', 'immunitas')]"
421,"['de', 'legationibus']","[('de', 'de'), ('legationibus', 'legatio')]"
422,"['de', 'administratione', 'rerum', 'ad', 'civitates', 'pertinentium']","[('de', 'de'), ('administratione', 'administratio'), ('rerum', 'res'), ('ad', 'ad'), ('civitates', 'civitas'), ('pertinentium', 'pertineo')]"
423,"['de', 'decretis', 'ab', 'ordine', 'faciendis']","[('de', 'de'), ('decretis', 'decretum'), ('ab', 'ab'), ('ordine', 'ordo'), ('faciendis', 'facio')]"
424,"['de', 'operibus', 'publicis']","[('de', 'de'), ('operibus', 'opus'), ('publicis', 'publicus')]"
425,"['de', 'nundinis']","[('de', 'de'), ('nundinis', 'nundo')]"
426,"['de', 'pollicitationibus']","[('de', 'de'), ('pollicitationibus', 'pollicitatio')]"
427,"['de', 'variis', 'et', 'extraordinariis', 'cognitionibus', 'et', 'si', 'iudex', 'litem', 'suam', 'fecisse', 'dicetur']","[('de', 'de'), ('variis', 'varius1'), ('et', 'et'), ('extraordinariis', 'extraordinarius'), ('cognitionibus', 'cognitio'), ('et', 'et'), ('si', 'si'), ('iudex', 'iudex'), ('litem', 'lito'), ('suam', 'suus'), ('fecisse', 'facio'), ('dicetur', 'dico')]"
428,"['de', 'proxeneticis']","[('de', 'de'), ('proxeneticis', 'proxeneticum')]"
429,"['de', 'censibus']","[('de', 'de'), ('censibus', 'census2')]"
430,"['de', 'verborum', 'significatione']","[('de', 'de'), ('verborum', 'verbum'), ('significatione', 'significatio')]"
431,"['de', 'diversis', 'regulis', 'iuris', 'antiqui']","[('de', 'de'), ('diversis', 'diverto'), ('regulis', 'regulis'), ('iuris', 'ius'), ('antiqui', 'antiquus')]"
