,Book_id,Book_label
0,0,Afr. 0 quaest.
1,1,Afr. 1 quaest.
2,2,Afr. 2 quaest.
3,3,Afr. 3 quaest.
4,4,Afr. 4 quaest.
5,5,Afr. 5 quaest.
6,6,Afr. 6 quaest.
7,7,Afr. 7 quaest.
8,8,Afr. 8 quaest.
9,9,Afr. 9 quaest.
10,10,Alf. 2 dig.
11,11,Alf. 4 dig.
12,12,Alf. 5 dig.
13,13,Alf. 6 dig.
14,14,Alf. 7 dig.
15,15,Aquila. 0 resp.
16,16,Arcad. l. s. de mun. civil.
17,17,Arcad. l. s. de off. praef. pr.
18,18,Arcad. l. s. de test.
19,19,Call. 0 x.
20,20,Call. 0. x.
21,21,Call. 1 de cogn.
22,22,Call. 1 de iure fisci.
23,23,Call. 1 ed. monit.
24,24,Call. 1 quaest.
25,25,Call. 2 de cogn.
26,26,Call. 2 de iure fisci.
27,27,Call. 2 ed. monit.
28,28,Call. 2 inst.
29,29,Call. 2 quaest.
30,30,Call. 3 de cogn.
31,31,Call. 3 de iure fisci.
32,32,Call. 3 ed. monit.
33,33,Call. 3 inst.
34,34,Call. 4 de cogn.
35,35,Call. 4 ed. monit.
36,36,Call. 5 de cogn.
37,37,Call. 6 de cogn.
38,38,Cels. 1 dig.
39,39,Cels. 10 dig.
40,40,Cels. 11 dig.
41,41,Cels. 12 dig.
42,42,Cels. 13 dig.
43,43,Cels. 14 dig.
44,44,Cels. 15 dig.
45,45,Cels. 16 dig.
46,46,Cels. 17 dig.
47,47,Cels. 18 dig.
48,48,Cels. 19 dig.
49,49,Cels. 2 dig.
50,50,Cels. 20 dig.
51,51,Cels. 21 dig.
52,52,Cels. 22 dig.
53,53,Cels. 23 dig.
54,54,Cels. 24 dig.
55,55,Cels. 25 dig.
56,56,Cels. 26 dig.
57,57,Cels. 27 dig.
58,58,Cels. 28 dig.
59,59,Cels. 29 dig.
60,60,Cels. 3 dig.
61,61,Cels. 30 dig.
62,62,Cels. 32 dig.
63,63,Cels. 33 dig.
64,64,Cels. 34 dig.
65,65,Cels. 35 dig.
66,66,Cels. 36 dig.
67,67,Cels. 37 dig.
68,68,Cels. 38 dig.
69,69,Cels. 39 dig.
70,70,Cels. 4 dig.
71,71,Cels. 5 dig.
72,72,Cels. 6 dig.
73,73,Cels. 7 dig.
74,74,Cels. 8 dig.
75,75,Cels. 9 dig.
76,76,Claud. not. ad Scaev. 18 dig.
77,77,Claud. not. ad Scaev. 21 dig.
78,78,Claud. not. ad Scaev. 30 dig.
79,79,Clem. 10 ad leg. Iul. et Pap.
80,80,Clem. 11 ad leg. Iul. et Pap.
81,81,Clem. 12 ad leg. Iul. et Pap.
82,82,Clem. 13 ad leg. Iul. et Pap.
83,83,Clem. 15 ad leg. Iul. et Pap.
84,84,Clem. 16 ad leg. Iul. et Pap.
85,85,Clem. 17 ad leg. Iul. et Pap.
86,86,Clem. 18 ad leg. Iul. et Pap.
87,87,Clem. 2 ad leg. Iul. et Pap.
88,88,Clem. 3 ad leg. Iul. et Pap.
89,89,Clem. 4 ad leg. Iul. et Pap.
90,90,Clem. 5 ad leg. Iul. et Pap.
91,91,Clem. 8 ad leg. Iul. et Pap.
92,92,Clem. 9 ad leg. Iul. et Pap.
93,93,Flor. 1 inst.
94,94,Flor. 10 inst.
95,95,Flor. 11 inst.
96,96,Flor. 3 inst.
97,97,Flor. 6 inst.
98,98,Flor. 7 inst.
99,99,Flor. 8 inst.
100,100,Flor. 9 inst.
101,101,Furius 1 ad ed.
102,102,Gai. 0 ad l. XII tab.
103,103,Gai. 1 ad ed. aedil. curul.
104,104,Gai. 1 ad ed. provinc.
105,105,Gai. 1 ad l. XII tab.
106,106,Gai. 1 ad leg. Iul. et Pap.
107,107,Gai. 1 de legatis ad ed. provinc.
108,108,Gai. 1 de manumiss.
109,109,Gai. 1 de testam. ad ed. pu.
110,110,Gai. 1 de verb. oblig.
111,111,Gai. 1 fideicomm.
112,112,Gai. 1 inst.
113,113,Gai. 1 reg.
114,114,Gai. 1 rer. cott.
115,115,Gai. 10 ad ed. provinc.
116,116,Gai. 10 ad leg. Iul. et Pap.
117,117,Gai. 11 ad ed. provinc.
118,118,Gai. 11 ad leg. Iul. et Pap.
119,119,Gai. 12 ad ed. provinc.
120,120,Gai. 12 ad leg. Iul. et Pap.
121,121,Gai. 13 ad ed. provinc.
122,122,Gai. 13 ad leg. Iul. et Pap.
123,123,Gai. 14 ad ed. provinc.
124,124,Gai. 14 ad leg. Iul. et Pap.
125,125,Gai. 15 ad ed. provinc.
126,126,Gai. 15 ad leg. Iul. et Pap.
127,127,Gai. 16 ad ed. provinc.
128,128,Gai. 17 ad ed. provinc.
129,129,Gai. 18 ad ed. provinc.
130,130,Gai. 19 ad ed. provinc.
131,131,Gai. 2 ad ed. aedil. curul.
132,132,Gai. 2 ad ed. provinc.
133,133,Gai. 2 ad ed. pu.
134,134,Gai. 2 ad ed. pu. de liberali causa.
135,135,Gai. 2 ad ed. urbicum.
136,136,Gai. 2 ad l. XII tab.
137,137,Gai. 2 ad leg. Iul. et Pap.
138,138,Gai. 2 de legatis ad ed. provinc.
139,139,Gai. 2 de legatis ad ed. urb.
140,140,Gai. 2 de testam. ad ed. pu.
141,141,Gai. 2 de verb. oblig.
142,142,Gai. 2 fideicomm.
143,143,Gai. 2 inst.
144,144,Gai. 2 rer. cott.
145,145,Gai. 20 ad ed. provinc.
146,146,Gai. 21 ad ed. provinc.
147,147,Gai. 22 ad ed. provinc.
148,148,Gai. 23 ad ed. provinc.
149,149,Gai. 24 ad ed. provinc.
150,150,Gai. 25 ad ed. provinc.
151,151,Gai. 26 ad ed. provinc.
152,152,Gai. 27 ad ed. provinc.
153,153,Gai. 28 ad ed. provinc.
154,154,Gai. 29 ad ed. provinc.
155,155,Gai. 3 ad ed. provinc.
156,156,Gai. 3 ad l. XII tab.
157,157,Gai. 3 ad leg. Iul. et Pap.
158,158,Gai. 3 de legatis ad ed. provinc.
159,159,Gai. 3 de legatis ad ed. urb.
160,160,Gai. 3 de manumiss.
161,161,Gai. 3 de verb. oblig.
162,162,Gai. 3 inst.
163,163,Gai. 3 reg.
164,164,Gai. 3 rer. cott.
165,165,Gai. 30 ad ed. provinc.
166,166,Gai. 4 ad ed. provinc.
167,167,Gai. 4 ad l. XII tab.
168,168,Gai. 4 ad leg. Iul. et Pap.
169,169,Gai. 5 ad ed. provinc.
170,170,Gai. 5 ad l. XII tab.
171,171,Gai. 5 ad leg. Iul. et Pap.
172,172,Gai. 6 ad ed. provinc.
173,173,Gai. 6 ad l. XII tab.
174,174,Gai. 6 ad leg. Iul. et Pap.
175,175,Gai. 7 ad ed. provinc.
176,176,Gai. 8 ad ed. provinc.
177,177,Gai. 8 ad leg. Iul. et Pap.
178,178,Gai. 9 ad ed. provinc.
179,179,Gai. 9 ad leg. Iul. et Pap.
180,180,Gai. ad ed. pu.
181,181,Gai. ad ed. pu. de liberali causa.
182,182,Gai. ad ed. pu. de praediator.
183,183,Gai. ad ed. pu. de publicanis.
184,184,Gai. ad ed. pu. de re iudicata.
185,185,Gai. ad ed. pu. q. n. s. n. d.
186,186,Gai. l. s. ad l. Glitiam.
187,187,Gai. l. s. ad sc Orfit.
188,188,Gai. l. s. ad sc Tert.
189,189,Gai. l. s. de casib.
190,190,Gai. l. s. de form. hypoth.
191,191,Gai. l. s. de tac. fideicomm.
192,192,Gai. l. s. reg.
193,193,Gallus. 1 de verb. sign.
194,194,Hermog. 1 iuris epit.
195,195,Hermog. 2 iuris epit.
196,196,Hermog. 3 iuris epit.
197,197,Hermog. 4 iuris epit.
198,198,Hermog. 4 iuris. epit.
199,199,Hermog. 5 iuris epit.
200,200,Hermog. 6 iuris epit.
201,201,Iav. 1 ad Plaut.
202,202,Iav. 1 epist.
203,203,Iav. 1 ex Cass.
204,204,Iav. 1 ex post. Labeonis.
205,205,Iav. 10 epist.
206,206,Iav. 10 ex Cass.
207,207,Iav. 10 ex post. Labeonis.
208,208,Iav. 11 epist.
209,209,Iav. 11 ex Cass.
210,210,Iav. 12 epist.
211,211,Iav. 12 ex Cass.
212,212,Iav. 13 epist.
213,213,Iav. 13 ex Cass.
214,214,Iav. 14 epist.
215,215,Iav. 14 ex Cass.
216,216,Iav. 15 ex Cass.
217,217,Iav. 2 ad Plaut.
218,218,Iav. 2 epist.
219,219,Iav. 2 ex Cass.
220,220,Iav. 2 ex post. Labeonis.
221,221,Iav. 3 ad Plaut.
222,222,Iav. 3 epist.
223,223,Iav. 3 ex Cass.
224,224,Iav. 3 ex post. Labeonis.
225,225,Iav. 4 ad Plaut.
226,226,Iav. 4 epist.
227,227,Iav. 4 ex Cass.
228,228,Iav. 4 ex post. Labeonis.
229,229,Iav. 5 ad Plaut.
230,230,Iav. 5 epist.
231,231,Iav. 5 ex Cass.
232,232,Iav. 5 ex post. Labeonis.
233,233,Iav. 6 epist.
234,234,Iav. 6 ex Cass.
235,235,Iav. 6 ex post. Labeonis.
236,236,Iav. 7 epist.
237,237,Iav. 7 ex Cass.
238,238,Iav. 8 epist.
239,239,Iav. 8 ex Cass.
240,240,Iav. 8 ex post. Labeonis.
241,241,Iav. 9 epist.
242,242,Iav. 9 ex Cass.
243,243,Iav. 9 ex post. Labeonis.
244,244,Iul. 1 ad Urs. Ferocem.
245,245,Iul. 1 ad ed.
246,246,Iul. 1 dig.
247,247,Iul. 1 ex Minic.
248,248,Iul. 10 dig.
249,249,Iul. 11 dig.
250,250,Iul. 12 dig.
251,251,Iul. 13 dig.
252,252,Iul. 14 dig.
253,253,Iul. 15 dig.
254,254,Iul. 16 dig.
255,255,Iul. 17 dig.
256,256,Iul. 18 dig.
257,257,Iul. 19 dig.
258,258,Iul. 2 ad Urs. Ferocem.
259,259,Iul. 2 dig.
260,260,Iul. 2 ex Minic.
261,261,Iul. 20 dig.
262,262,Iul. 21 dig.
263,263,Iul. 22 dig.
264,264,Iul. 23 dig.
265,265,Iul. 24 dig.
266,266,Iul. 25 dig.
267,267,Iul. 26 dig.
268,268,Iul. 27 dig.
269,269,Iul. 28 dig.
270,270,Iul. 29 dig.
271,271,Iul. 3 ad Urs. Ferocem.
272,272,Iul. 3 dig.
273,273,Iul. 3 ex Minic.
274,274,Iul. 30 dig.
275,275,Iul. 31 dig.
276,276,Iul. 32 dig.
277,277,Iul. 33 dig.
278,278,Iul. 34 dig.
279,279,Iul. 35 dig.
280,280,Iul. 36 dig.
281,281,Iul. 37 dig.
282,282,Iul. 38 dig.
283,283,Iul. 39 dig.
284,284,Iul. 4 ad Urs. Ferocem.
285,285,Iul. 4 dig.
286,286,Iul. 4 ex Minic.
287,287,Iul. 40 dig.
288,288,Iul. 41 dig.
289,289,Iul. 42 dig.
290,290,Iul. 43 dig.
291,291,Iul. 44 dig.
292,292,Iul. 45 dig.
293,293,Iul. 46 dig.
294,294,Iul. 47 dig.
295,295,Iul. 48 dig.
296,296,Iul. 49 dig.
297,297,Iul. 5 dig.
298,298,Iul. 5 ex Minic.
299,299,Iul. 50 dig.
300,300,Iul. 51 dig.
301,301,Iul. 52 dig.
302,302,Iul. 53 dig.
303,303,Iul. 54 dig.
304,304,Iul. 55 dig.
305,305,Iul. 56 dig.
306,306,Iul. 57 dig.
307,307,Iul. 58 dig.
308,308,Iul. 59 dig.
309,309,Iul. 6 dig.
310,310,Iul. 6 ex Minic.
311,311,Iul. 60 dig.
312,312,Iul. 61 dig.
313,313,Iul. 62 dig.
314,314,Iul. 63 dig.
315,315,Iul. 64 dig.
316,316,Iul. 65 dig.
317,317,Iul. 68 dig.
318,318,Iul. 69 dig.
319,319,Iul. 7 dig.
320,320,Iul. 70 dig.
321,321,Iul. 73 dig.
322,322,Iul. 77 dig.
323,323,Iul. 78 dig.
324,324,Iul. 8 dig.
325,325,Iul. 80 dig.
326,326,Iul. 81 dig.
327,327,Iul. 82 dig.
328,328,Iul. 83 dig.
329,329,Iul. 84 dig.
330,330,Iul. 85 dig.
331,331,Iul. 86 dig.
332,332,Iul. 87 dig.
333,333,Iul. 88 dig.
334,334,Iul. 89 dig.
335,335,Iul. 9 dig.
336,336,Iul. 90 dig.
337,337,Iul. ad Urs. Ferocem.
338,338,Iul. l. s. de ambig.
339,339,Lab. 1 pith.
340,340,Lab. 2 pith.
341,341,Lab. 3 pith.
342,342,Lab. 4 pith.
343,343,Lab. 5 pith.
344,344,Lab. 6 ex post. Labeonis.
345,345,Lab. 6 pith.
346,346,Lab. 7 pith.
347,347,Lab. 8 pith.
348,348,Licin. 1 reg.
349,349,Licin. 10 reg.
350,350,Licin. 13 reg.
351,351,Licin. 2 reg.
352,352,Licin. 3 reg.
353,353,Licin. 4 reg.
354,354,Licin. 5 reg.
355,355,Licin. 6 reg.
356,356,Licin. 7 reg.
357,357,Licin. 8 reg.
358,358,Macer. 0 de publ. iudic.
359,359,Macer. 1 ad l. vices.
360,360,Macer. 1 de appellat.
361,361,Macer. 1 de off. praesid.
362,362,Macer. 1 de publ. iudic.
363,363,Macer. 1 de re milit.
364,364,Macer. 2 ad l. vices.
365,365,Macer. 2 de appellat.
366,366,Macer. 2 de off. praesid.
367,367,Macer. 2 de publ. iudic.
368,368,Macer. 2 de re milit.
369,369,Maec. 1 fideicomm.
370,370,Maec. 10 de publ. iudic.
371,371,Maec. 10 fideicomm.
372,372,Maec. 11 de publ. iudic.
373,373,Maec. 12 fideicomm.
374,374,Maec. 13 fideicomm.
375,375,Maec. 15 fideicomm.
376,376,Maec. 16 fideicomm.
377,377,Maec. 2 fideicomm.
378,378,Maec. 3 fideicomm.
379,379,Maec. 4 fideicomm.
380,380,Maec. 5 de publ. iudic.
381,381,Maec. 5 fideicomm.
382,382,Maec. 6 fideicomm.
383,383,Maec. 7 fideicomm.
384,384,Maec. 8 fideicomm.
385,385,Maec. 9 fideicomm.
386,386,Maec. ex l. Rhodia.
387,387,Marcell. 1 ad leg. Iul. et Pap.
388,388,Marcell. 1 de off. praesid.
389,389,Marcell. 1 dig.
390,390,Marcell. 10 dig.
391,391,Marcell. 11 dig.
392,392,Marcell. 12 dig.
393,393,Marcell. 13 dig.
394,394,Marcell. 14 dig.
395,395,Marcell. 15 dig.
396,396,Marcell. 16 dig.
397,397,Marcell. 17 dig.
398,398,Marcell. 18 dig.
399,399,Marcell. 19 dig.
400,400,Marcell. 2 dig.
401,401,Marcell. 2 publ.
402,402,Marcell. 20 dig.
403,403,Marcell. 21 dig.
404,404,Marcell. 22 dig.
405,405,Marcell. 23 dig.
406,406,Marcell. 24 dig.
407,407,Marcell. 25 dig.
408,408,Marcell. 26 dig.
409,409,Marcell. 28 dig.
410,410,Marcell. 29 dig.
411,411,Marcell. 3 ad leg. Iul. et Pap.
412,412,Marcell. 3 dig.
413,413,Marcell. 30 dig.
414,414,Marcell. 31 dig.
415,415,Marcell. 39 dig.
416,416,Marcell. 4 dig.
417,417,Marcell. 40 dig.
418,418,Marcell. 5 dig.
419,419,Marcell. 6 dig.
420,420,Marcell. 7 dig.
421,421,Marcell. 8 dig.
422,422,Marcell. 9 dig.
423,423,Marcell. l. s. resp.
424,424,Marcell. not. ad Iul. 27 dig.
425,425,Marcell. not. ad Iul. 29 dig.
426,426,Marcell. not. ad Iul. 30 dig.
427,427,Marcell. not. ad Iul. 32 dig.
428,428,Marcell. not. ad Iul. 42 dig.
429,429,Marcell. not. ad Pomp. l. s. reg.
430,430,Marcian. 0 x.
431,431,Marcian. 1 de appellat.
432,432,Marcian. 1 de publ. iudic.
433,433,Marcian. 1 inst.
434,434,Marcian. 1 reg.
435,435,Marcian. 10 inst.
436,436,Marcian. 11 inst.
437,437,Marcian. 12 inst.
438,438,Marcian. 13 inst.
439,439,Marcian. 14 inst.
440,440,Marcian. 15 inst.
441,441,Marcian. 16 inst.
442,442,Marcian. 2 de adult.
443,443,Marcian. 2 de appellat.
444,444,Marcian. 2 de publ. iudic.
445,445,Marcian. 2 inst.
446,446,Marcian. 2 reg.
447,447,Marcian. 3 inst.
448,448,Marcian. 3 reg.
449,449,Marcian. 4 inst.
450,450,Marcian. 4 reg.
451,451,Marcian. 5 inst.
452,452,Marcian. 5 reg.
453,453,Marcian. 6 inst.
454,454,Marcian. 7 dig.
455,455,Marcian. 7 inst.
456,456,Marcian. 8 inst.
457,457,Marcian. 9 inst.
458,458,Marcian. de publ. iudic.
459,459,Marcian. l. s. ad form. hypoth.
460,460,Marcian. l. s. ad sc Turpill.
461,461,Marcian. l. s. de delator.
462,462,Marcian. not. ad Pap. 2 adult.
463,463,Mauric. 2 ad leg. Iul. et Pap.
464,464,Mauric. 2 de poen.
465,465,Mauric. 3 ad leg. Iul. et Pap.
466,466,Men. 1 de re milit.
467,467,Men. 2 de re milit.
468,468,Men. 3 de re milit.
469,469,Mod. 0 diff.
470,470,Mod. 0 pand.
471,471,Mod. 1 de poen.
472,472,Mod. 1 diff.
473,473,Mod. 1 excus.
474,474,Mod. 1 pand.
475,475,Mod. 1 reg.
476,476,Mod. 1 resp.
477,477,Mod. 10 pand.
478,478,Mod. 10 resp.
479,479,Mod. 11 pand.
480,480,Mod. 11 resp.
481,481,Mod. 12 pand.
482,482,Mod. 12 resp.
483,483,Mod. 13 resp.
484,484,Mod. 14 ad Q. Muc.
485,485,Mod. 14 resp.
486,486,Mod. 15 resp.
487,487,Mod. 16 resp.
488,488,Mod. 17 resp.
489,489,Mod. 18 resp.
490,490,Mod. 2 de poen.
491,491,Mod. 2 diff.
492,492,Mod. 2 excus.
493,493,Mod. 2 pand.
494,494,Mod. 2 reg.
495,495,Mod. 2 resp.
496,496,Mod. 3 de poen.
497,497,Mod. 3 diff.
498,498,Mod. 3 excus.
499,499,Mod. 3 pand.
500,500,Mod. 3 reg.
501,501,Mod. 3 resp.
502,502,Mod. 31 ad Q. Muc.
503,503,Mod. 4 de poen.
504,504,Mod. 4 de praescr.
505,505,Mod. 4 diff.
506,506,Mod. 4 excus.
507,507,Mod. 4 pand.
508,508,Mod. 4 reg.
509,509,Mod. 4 resp.
510,510,Mod. 5 diff.
511,511,Mod. 5 excus.
512,512,Mod. 5 pand.
513,513,Mod. 5 reg.
514,514,Mod. 5 resp.
515,515,Mod. 6 diff.
516,516,Mod. 6 excus.
517,517,Mod. 6 pand.
518,518,Mod. 6 reg.
519,519,Mod. 6 resp.
520,520,Mod. 7 diff.
521,521,Mod. 7 pand.
522,522,Mod. 7 reg.
523,523,Mod. 7 resp.
524,524,Mod. 8 diff.
525,525,Mod. 8 pand.
526,526,Mod. 8 reg.
527,527,Mod. 8 resp.
528,528,Mod. 9 diff.
529,529,Mod. 9 pand.
530,530,Mod. 9 reg.
531,531,Mod. 9 resp.
532,532,Mod. l. s. de diff. dotis.
533,533,Mod. l. s. de enucl. cas.
534,534,Mod. l. s. de heuremat.
535,535,Mod. l. s. de inoff. testam.
536,536,Mod. l. s. de manumiss.
537,537,Mod. l. s. de praescr.
538,538,Mod. l. s. de ritu nupt.
539,539,Muc. l. s. horon.
540,540,Ner. 1 membr.
541,541,Ner. 1 resp.
542,542,Ner. 10 reg.
543,543,Ner. 2 membr.
544,544,Ner. 2 resp.
545,545,Ner. 3 membr.
546,546,Ner. 3 reg.
547,547,Ner. 4 membr.
548,548,Ner. 4 reg.
549,549,Ner. 5 membr.
550,550,Ner. 5 reg.
551,551,Ner. 6 membr.
552,552,Ner. 6 reg.
553,553,Ner. 7 membr.
554,554,Pap. 1 de adult.
555,555,Pap. 1 def.
556,556,Pap. 1 quaest.
557,557,Pap. 1 resp.
558,558,Pap. 10 quaest.
559,559,Pap. 10 resp.
560,560,Pap. 11 quaest.
561,561,Pap. 11 resp.
562,562,Pap. 12 quaest.
563,563,Pap. 12 resp.
564,564,Pap. 13 quaest.
565,565,Pap. 13 resp.
566,566,Pap. 14 quaest.
567,567,Pap. 14 resp.
568,568,Pap. 15 quaest.
569,569,Pap. 15 resp.
570,570,Pap. 16 quaest.
571,571,Pap. 16 resp.
572,572,Pap. 17 quaest.
573,573,Pap. 17 resp.
574,574,Pap. 18 quaest.
575,575,Pap. 19 quaest.
576,576,Pap. 19 resp.
577,577,Pap. 2 de adult.
578,578,Pap. 2 def.
579,579,Pap. 2 quaest.
580,580,Pap. 2 resp.
581,581,Pap. 20 quaest.
582,582,Pap. 21 quaest.
583,583,Pap. 22 quaest.
584,584,Pap. 23 quaest.
585,585,Pap. 24 quaest.
586,586,Pap. 25 quaest.
587,587,Pap. 26 quaest.
588,588,Pap. 27 quaest.
589,589,Pap. 28 quaest.
590,590,Pap. 29 quaest.
591,591,Pap. 3 quaest.
592,592,Pap. 3 resp.
593,593,Pap. 30 quaest.
594,594,Pap. 31 quaest.
595,595,Pap. 32 quaest.
596,596,Pap. 33 quaest.
597,597,Pap. 34 quaest.
598,598,Pap. 35 quaest.
599,599,Pap. 36 quaest.
600,600,Pap. 37 quaest.
601,601,Pap. 4 quaest.
602,602,Pap. 4 resp.
603,603,Pap. 5 quaest.
604,604,Pap. 5 resp.
605,605,Pap. 6 quaest.
606,606,Pap. 6 resp.
607,607,Pap. 7 quaest.
608,608,Pap. 7 resp.
609,609,Pap. 8 quaest.
610,610,Pap. 8 resp.
611,611,Pap. 9 quaest.
612,612,Pap. 9 resp.
613,613,Pap. de cura urb.
614,614,Pap. l. s. de adult.
615,615,Papir. 1 const.
616,616,Papir. 2 const.
617,617,Papir. 8 const.
618,618,Paul. 0 quaest.
619,619,Paul. 0 x.
620,620,Paul. 1 ad Ner.
621,621,Paul. 1 ad Plaut.
622,622,Paul. 1 ad Sab.
623,623,Paul. 1 ad Vitell.
624,624,Paul. 1 ad ed.
625,625,Paul. 1 ad ed. aedil. curul.
626,626,Paul. 1 ad l. Aeliam Sentiam.
627,627,Paul. 1 ad leg. Iul. et Pap.
628,628,Paul. 1 ad leg. Iuliam.
629,629,Paul. 1 de adult.
630,630,Paul. 1 de iure fisci.
631,631,Paul. 1 de off. procons.
632,632,Paul. 1 decr.
633,633,Paul. 1 epit. Alf.
634,634,Paul. 1 fideicomm.
635,635,Paul. 1 imp. sent. In c.p.
636,636,Paul. 1 imp. sent. i. c. p.
637,637,Paul. 1 inst.
638,638,Paul. 1 manual.
639,639,Paul. 1 quaest.
640,640,Paul. 1 reg.
641,641,Paul. 1 resp.
642,642,Paul. 1 sent.
643,643,Paul. 10 ad Plaut.
644,644,Paul. 10 ad Sab.
645,645,Paul. 10 ad ed.
646,646,Paul. 10 ad leg. Iul. et Pap.
647,647,Paul. 10 quaest.
648,648,Paul. 10 resp.
649,649,Paul. 11 ad Plaut.
650,650,Paul. 11 ad Sab.
651,651,Paul. 11 ad ed.
652,652,Paul. 11 quaest.
653,653,Paul. 11 resp.
654,654,Paul. 12 ad Plaut.
655,655,Paul. 12 ad Sab.
656,656,Paul. 12 ad ed.
657,657,Paul. 12 ad leg. Iul. et Pap.
658,658,Paul. 12 quaest.
659,659,Paul. 12 resp.
660,660,Paul. 13 ad Plaut.
661,661,Paul. 13 ad Sab.
662,662,Paul. 13 ad ed.
663,663,Paul. 13 quaest.
664,664,Paul. 13 resp.
665,665,Paul. 14 ad Plaut.
666,666,Paul. 14 ad Sab.
667,667,Paul. 14 ad ed.
668,668,Paul. 14 quaest.
669,669,Paul. 14 resp.
670,670,Paul. 15 ad Plaut.
671,671,Paul. 15 ad Sab.
672,672,Paul. 15 ad ed.
673,673,Paul. 15 quaest.
674,674,Paul. 15 resp.
675,675,Paul. 16 ad Plaut.
676,676,Paul. 16 ad Sab.
677,677,Paul. 16 ad ed.
678,678,Paul. 16 brev.
679,679,Paul. 16 quaest.
680,680,Paul. 16 resp.
681,681,Paul. 17 ad Plaut.
682,682,Paul. 17 ad ed.
683,683,Paul. 17 quaest.
684,684,Paul. 17 resp.
685,685,Paul. 18 ad Plaut.
686,686,Paul. 18 ad ed.
687,687,Paul. 18 resp.
688,688,Paul. 19 ad ed.
689,689,Paul. 19 quaest.
690,690,Paul. 19 resp.
691,691,Paul. 2 ad Ner.
692,692,Paul. 2 ad Plaut.
693,693,Paul. 2 ad Sab.
694,694,Paul. 2 ad Vitell.
695,695,Paul. 2 ad ed.
696,696,Paul. 2 ad ed. aedil. curul.
697,697,Paul. 2 ad l. Aeliam Sentiam.
698,698,Paul. 2 ad leg. Iul. et Pap.
699,699,Paul. 2 de adult.
700,700,Paul. 2 de cens.
701,701,Paul. 2 de off. procons.
702,702,Paul. 2 decr.
703,703,Paul. 2 epit. Alf.
704,704,Paul. 2 fideicomm.
705,705,Paul. 2 imp. sent. i. c. p.
706,706,Paul. 2 inst.
707,707,Paul. 2 manual.
708,708,Paul. 2 quaest.
709,709,Paul. 2 reg.
710,710,Paul. 2 resp.
711,711,Paul. 2 sent.
712,712,Paul. 20 ad ed.
713,713,Paul. 20 resp.
714,714,Paul. 21 ad ed.
715,715,Paul. 21 quaest.
716,716,Paul. 21 resp.
717,717,Paul. 22 ad ed.
718,718,Paul. 22 quaest.
719,719,Paul. 23 ad ed.
720,720,Paul. 23 quaest.
721,721,Paul. 24 ad ed.
722,722,Paul. 24 quaest.
723,723,Paul. 25 ad ed.
724,724,Paul. 25 quaest.
725,725,Paul. 26 ad ed.
726,726,Paul. 27 ad ed.
727,727,Paul. 28 ad ed.
728,728,Paul. 29 ad ed.
729,729,Paul. 3  epit. Alf.
730,730,Paul. 3 ad Ner.
731,731,Paul. 3 ad Plaut.
732,732,Paul. 3 ad Sab.
733,733,Paul. 3 ad Vitell.
734,734,Paul. 3 ad ed.
735,735,Paul. 3 ad l. Aeliam Sentiam.
736,736,Paul. 3 ad leg. Iul. et Pap.
737,737,Paul. 3 brev.
738,738,Paul. 3 de adult.
739,739,Paul. 3 decr.
740,740,Paul. 3 epit. Alf.
741,741,Paul. 3 fideicomm.
742,742,Paul. 3 quaest.
743,743,Paul. 3 reg.
744,744,Paul. 3 resp.
745,745,Paul. 3 sent.
746,746,Paul. 30 ad ed.
747,747,Paul. 31 ad ed.
748,748,Paul. 32 ad Sab.
749,749,Paul. 32 ad ed.
750,750,Paul. 33 ad ed.
751,751,Paul. 34 ad ed.
752,752,Paul. 35 ad ed.
753,753,Paul. 36 ad ed.
754,754,Paul. 37 ad ed.
755,755,Paul. 38 ad ed.
756,756,Paul. 39 ad ed.
757,757,Paul. 4 ad Ner.
758,758,Paul. 4 ad Plaut.
759,759,Paul. 4 ad Sab.
760,760,Paul. 4 ad Vitell.
761,761,Paul. 4 ad ed.
762,762,Paul. 4 ad leg. Iul. et Pap.
763,763,Paul. 4 epit. Alf.
764,764,Paul. 4 quaest.
765,765,Paul. 4 reg.
766,766,Paul. 4 resp.
767,767,Paul. 4 sent.
768,768,Paul. 40 ad Sab.
769,769,Paul. 40 ad ed.
770,770,Paul. 41 ad ed.
771,771,Paul. 42 ad ed.
772,772,Paul. 43 ad ed.
773,773,Paul. 44 ad ed.
774,774,Paul. 45 ad ed.
775,775,Paul. 46 ad ed.
776,776,Paul. 47 ad ed.
777,777,Paul. 48 ad ed.
778,778,Paul. 49 ad ed.
779,779,Paul. 5 ad Plaut.
780,780,Paul. 5 ad Sab.
781,781,Paul. 5 ad ed.
782,782,Paul. 5 ad leg. Iul. et Pap.
783,783,Paul. 5 ad leg. Iuliam.
784,784,Paul. 5 epit. Alf.
785,785,Paul. 5 quaest.
786,786,Paul. 5 resp.
787,787,Paul. 5 sent.
788,788,Paul. 50 ad ed.
789,789,Paul. 51 ad ed.
790,790,Paul. 52 ad ed.
791,791,Paul. 53 ad ed.
792,792,Paul. 54 ad ed.
793,793,Paul. 55 ad ed.
794,794,Paul. 56 ad ed.
795,795,Paul. 57 ad ed.
796,796,Paul. 58 ad ed.
797,797,Paul. 59 ad ed.
798,798,Paul. 6 ad Plaut.
799,799,Paul. 6 ad Sab.
800,800,Paul. 6 ad ed.
801,801,Paul. 6 ad leg. Iul. et Pap.
802,802,Paul. 6 brev.
803,803,Paul. 6 epit. Alf.
804,804,Paul. 6 quaest.
805,805,Paul. 6 reg.
806,806,Paul. 6 resp.
807,807,Paul. 60 ad ed.
808,808,Paul. 61 ad ed.
809,809,Paul. 62 ad ed.
810,810,Paul. 63 ad ed.
811,811,Paul. 64 ad ed.
812,812,Paul. 65 ad ed.
813,813,Paul. 66 ad ed.
814,814,Paul. 67 ad ed.
815,815,Paul. 68 ad ed.
816,816,Paul. 69 ad ed.
817,817,Paul. 7 ad Plaut.
818,818,Paul. 7 ad Sab.
819,819,Paul. 7 ad ed.
820,820,Paul. 7 ad leg. Iul. et Pap.
821,821,Paul. 7 brev.
822,822,Paul. 7 quaest.
823,823,Paul. 7 resp.
824,824,Paul. 70 ad ed.
825,825,Paul. 71 ad ed.
826,826,Paul. 72 ad ed.
827,827,Paul. 73 ad ed.
828,828,Paul. 74 ad ed.
829,829,Paul. 75 ad ed.
830,830,Paul. 76 ad ed.
831,831,Paul. 77 ad ed.
832,832,Paul. 78 ad ed.
833,833,Paul. 8 ad Plaut.
834,834,Paul. 8 ad Sab.
835,835,Paul. 8 ad ed.
836,836,Paul. 8 ad leg. Iul. et Pap.
837,837,Paul. 8 brev.
838,838,Paul. 8 epit. Alf.
839,839,Paul. 8 quaest.
840,840,Paul. 8 resp.
841,841,Paul. 9 ad Plaut.
842,842,Paul. 9 ad Sab.
843,843,Paul. 9 ad ed.
844,844,Paul. 9 ad leg. Iul. et Pap.
845,845,Paul. 9 quaest.
846,846,Paul. 9 resp.
847,847,Paul. l. s. ad l. Cinc.
848,848,Paul. l. s. ad l. Falcid.
849,849,Paul. l. s. ad l. Fuf. Canin.
850,850,Paul. l. s. ad or. Ant. et Comm.
851,851,Paul. l. s. ad reg. Caton.
852,852,Paul. l. s. ad sc Claudianum.
853,853,Paul. l. s. ad sc Libon.
854,854,Paul. l. s. ad sc Orfit.
855,855,Paul. l. s. ad sc Silan.
856,856,Paul. l. s. ad sc Tert.
857,857,Paul. l. s. ad sc Turpill.
858,858,Paul. l. s. ad sc Velle.
859,859,Paul. l. s. de adsign. libert.
860,860,Paul. l. s. de adult.
861,861,Paul. l. s. de appellat.
862,862,Paul. l. s. de art. liberalis c.
863,863,Paul. l. s. de cogn.
864,864,Paul. l. s. de concept. form.
865,865,Paul. l. s. de concurr. actionum.
866,866,Paul. l. s. de dotis repet.
867,867,Paul. l. s. de excus.
868,868,Paul. l. s. de forma testamenti.
869,869,Paul. l. s. de grad. et adfin.
870,870,Paul. l. s. de inoff. testam.
871,871,Paul. l. s. de instrumenti sign.
872,872,Paul. l. s. de intercess.
873,873,Paul. l. s. de iure codicill.
874,874,Paul. l. s. de iure libellorum.
875,875,Paul. l. s. de iure patronatus.
876,876,Paul. l. s. de iure singulari.
877,877,Paul. l. s. de iuris et facti ignor.
878,878,Paul. l. s. de liberali causa.
879,879,Paul. l. s. de libertatibus dandis.
880,880,Paul. l. s. de off. adsess.
881,881,Paul. l. s. de off. praef. vig.
882,882,Paul. l. s. de off. pu.
883,883,Paul. l. s. de poen. milit.
884,884,Paul. l. s. de poen. omnium legum.
885,885,Paul. l. s. de poen. pagan.
886,886,Paul. l. s. de portion.
887,887,Paul. l. s. de publ. iudic.
888,888,Paul. l. s. de secundis tabulis.
889,889,Paul. l. s. de senatus consultis.
890,890,Paul. l. s. de septemvir. iud.
891,891,Paul. l. s. de tac. fideicomm.
892,892,Paul. l. s. de usur.
893,893,Paul. l. s. de var. lect.
894,894,Paul. l. s. reg.
895,895,Paul. not. ad Iul. 4 dig.
896,896,Paul. not. ad Iul. 8 dig.
897,897,Paul. not. ad Pap. 10 quaest.
898,898,Paul. not. ad Pap. 31 quaest.
899,899,Pomp. 0 x.
900,900,Pomp. 1 ad Plaut.
901,901,Pomp. 1 ad Q. Muc.
902,902,Pomp. 1 ad Sab.
903,903,Pomp. 1 enchirid.
904,904,Pomp. 1 fideicomm.
905,905,Pomp. 1 sen. consult.
906,906,Pomp. 1 var. lect.
907,907,Pomp. 10 ad Q. Muc.
908,908,Pomp. 10 ad Sab.
909,909,Pomp. 10 epist.
910,910,Pomp. 10 var. lect.
911,911,Pomp. 11 ad Q. Muc.
912,912,Pomp. 11 ad Sab.
913,913,Pomp. 11 epist.
914,914,Pomp. 11 var. lect.
915,915,Pomp. 12 ad Q. Muc.
916,916,Pomp. 12 ad Sab.
917,917,Pomp. 12 epist.
918,918,Pomp. 12 var. lect.
919,919,Pomp. 13 ad Q. Muc.
920,920,Pomp. 13 ad Sab.
921,921,Pomp. 13 var. lect.
922,922,Pomp. 14 ad Q. Muc.
923,923,Pomp. 14 ad Sab.
924,924,Pomp. 14 var. lect.
925,925,Pomp. 15 ad Q. Muc.
926,926,Pomp. 15 ad Sab.
927,927,Pomp. 16 ad Q. Muc.
928,928,Pomp. 16 ad Sab.
929,929,Pomp. 16 epist.
930,930,Pomp. 17 ad Q. Muc.
931,931,Pomp. 17 ad Sab.
932,932,Pomp. 17 epist.
933,933,Pomp. 18 ad Q. Muc.
934,934,Pomp. 18 ad Sab.
935,935,Pomp. 18 epist.
936,936,Pomp. 19 ad Sab.
937,937,Pomp. 2 ad Plaut.
938,938,Pomp. 2 ad Q. Muc.
939,939,Pomp. 2 ad Sab.
940,940,Pomp. 2 enchirid.
941,941,Pomp. 2 fideicomm.
942,942,Pomp. 2 sen. consult.
943,943,Pomp. 2 var. lect.
944,944,Pomp. 20 ad Q. Muc.
945,945,Pomp. 20 ad Sab.
946,946,Pomp. 20 epist.
947,947,Pomp. 21 ad Q. Muc.
948,948,Pomp. 21 ad Sab.
949,949,Pomp. 22 ad Q. Muc.
950,950,Pomp. 22 ad Sab.
951,951,Pomp. 23 ad Q. Muc.
952,952,Pomp. 23 ad Sab.
953,953,Pomp. 24 ad Q. Muc.
954,954,Pomp. 24 ad Sab.
955,955,Pomp. 25 ad Q. Muc.
956,956,Pomp. 25 ad Sab.
957,957,Pomp. 26 ad Q. Muc.
958,958,Pomp. 26 ad Sab.
959,959,Pomp. 27 ad Q. Muc.
960,960,Pomp. 27 ad Sab.
961,961,Pomp. 28 ad Q. Muc.
962,962,Pomp. 29 ad Sab.
963,963,Pomp. 3 ad Plaut.
964,964,Pomp. 3 ad Q. Muc.
965,965,Pomp. 3 ad Sab.
966,966,Pomp. 3 fideicomm.
967,967,Pomp. 3 sen. consult.
968,968,Pomp. 30 ad Q. Muc.
969,969,Pomp. 30 ad Sab.
970,970,Pomp. 31 ad Q. Muc.
971,971,Pomp. 31 ad Sab.
972,972,Pomp. 32 ad Q. Muc.
973,973,Pomp. 32 ad Sab.
974,974,Pomp. 33 ad Q. Muc.
975,975,Pomp. 33 ad Sab.
976,976,Pomp. 34 ad Sab.
977,977,Pomp. 35 ad Q. Muc.
978,978,Pomp. 35 ad Sab.
979,979,Pomp. 36 ad Q. Muc.
980,980,Pomp. 36 ad Sab.
981,981,Pomp. 37 ad Q. Muc.
982,982,Pomp. 38 ad Q. Muc.
983,983,Pomp. 39 ad Q. Muc.
984,984,Pomp. 4 ad Plaut.
985,985,Pomp. 4 ad Q. Muc.
986,986,Pomp. 4 ad Sab.
987,987,Pomp. 4 fideicomm.
988,988,Pomp. 4 sen. consult.
989,989,Pomp. 4 var. lect.
990,990,Pomp. 5 ad Plaut.
991,991,Pomp. 5 ad Q. Muc.
992,992,Pomp. 5 ad Sab.
993,993,Pomp. 5 epist.
994,994,Pomp. 5 sen. consult.
995,995,Pomp. 6 ad Plaut.
996,996,Pomp. 6 ad Q. Muc.
997,997,Pomp. 6 ad Sab.
998,998,Pomp. 6 epist.
999,999,Pomp. 7 ad Plaut.
1000,1000,Pomp. 7 ad Q. Muc.
1001,1001,Pomp. 7 ad Sab.
1002,1002,Pomp. 7 epist.
1003,1003,Pomp. 7 var. lect.
1004,1004,Pomp. 8 ad Q. Muc.
1005,1005,Pomp. 8 ad Sab.
1006,1006,Pomp. 8 epist.
1007,1007,Pomp. 9 ad Q. Muc.
1008,1008,Pomp. 9 ad Sab.
1009,1009,Pomp. 9 epist.
1010,1010,Pomp. 9 var. lect.
1011,1011,Pomp. l. s. enchirid.
1012,1012,Pomp. l. s. reg.
1013,1013,Proc. 1 epist.
1014,1014,Proc. 11 epist.
1015,1015,Proc. 2 epist.
1016,1016,Proc. 3 ex post. Labeonis.
1017,1017,Proc. 4 epist.
1018,1018,Proc. 5 epist.
1019,1019,Proc. 6 epist.
1020,1020,Proc. 7 epist.
1021,1021,Proc. 8 epist.
1022,1022,Rutil. l. s. ad l. Falcid.
1023,1023,Saturn. 1 de off. procons.
1024,1024,Saturn. l. s. de poen. pagan.
1025,1025,Scaev. 1 dig.
1026,1026,Scaev. 1 quaest.
1027,1027,Scaev. 1 reg.
1028,1028,Scaev. 1 resp.
1029,1029,Scaev. 10 dig.
1030,1030,Scaev. 11 dig.
1031,1031,Scaev. 12 quaest.
1032,1032,Scaev. 13 dig.
1033,1033,Scaev. 13 quaest.
1034,1034,Scaev. 14 dig.
1035,1035,Scaev. 15 dig.
1036,1036,Scaev. 15 quaest.
1037,1037,Scaev. 16 dig.
1038,1038,Scaev. 16 quaest.
1039,1039,Scaev. 17 dig.
1040,1040,Scaev. 18 dig.
1041,1041,Scaev. 18 quaest.
1042,1042,Scaev. 19 dig.
1043,1043,Scaev. 19 quaest.
1044,1044,Scaev. 2 dig.
1045,1045,Scaev. 2 quaest.
1046,1046,Scaev. 2 reg.
1047,1047,Scaev. 2 resp.
1048,1048,Scaev. 20 dig.
1049,1049,Scaev. 21 dig.
1050,1050,Scaev. 22 dig.
1051,1051,Scaev. 23 dig.
1052,1052,Scaev. 24 dig.
1053,1053,Scaev. 25 dig.
1054,1054,Scaev. 26 dig.
1055,1055,Scaev. 27 dig.
1056,1056,Scaev. 28 dig.
1057,1057,Scaev. 29 dig.
1058,1058,Scaev. 3 dig.
1059,1059,Scaev. 3 quaest.
1060,1060,Scaev. 3 reg.
1061,1061,Scaev. 3 resp.
1062,1062,Scaev. 31 dig.
1063,1063,Scaev. 32 dig.
1064,1064,Scaev. 33 dig.
1065,1065,Scaev. 34 dig.
1066,1066,Scaev. 4 dig.
1067,1067,Scaev. 4 quaest.
1068,1068,Scaev. 4 reg.
1069,1069,Scaev. 4 resp.
1070,1070,Scaev. 5 dig.
1071,1071,Scaev. 5 quaest.
1072,1072,Scaev. 5 resp.
1073,1073,Scaev. 6 dig.
1074,1074,Scaev. 6 quaest.
1075,1075,Scaev. 6 resp.
1076,1076,Scaev. 7 dig.
1077,1077,Scaev. 8 dig.
1078,1078,Scaev. 8 quaest.
1079,1079,Scaev. 9 dig.
1080,1080,Scaev. 9 quaest.
1081,1081,Scaev. l. s. quaest. publ. tract.
1082,1082,Scaev. not. ad Iul. 22 dig.
1083,1083,Scaev. not. ad Iul. 7 dig.
1084,1084,Tarrunt. 1 de re milit.
1085,1085,Tarrunt. 2 de re milit.
1086,1086,Tert. 1 quaest.
1087,1087,Tert. l. s. de castr. peculio.
1088,1088,Tryph. 1 disp.
1089,1089,Tryph. 10 disp.
1090,1090,Tryph. 11 disp.
1091,1091,Tryph. 12 disp.
1092,1092,Tryph. 13 disp.
1093,1093,Tryph. 14 disp.
1094,1094,Tryph. 15 disp.
1095,1095,Tryph. 16 disp.
1096,1096,Tryph. 17 disp.
1097,1097,Tryph. 18 disp.
1098,1098,Tryph. 19 disp.
1099,1099,Tryph. 2 disp.
1100,1100,Tryph. 20 disp.
1101,1101,Tryph. 21 disp.
1102,1102,Tryph. 3 disp.
1103,1103,Tryph. 4 disp.
1104,1104,Tryph. 5 disp.
1105,1105,Tryph. 6 disp.
1106,1106,Tryph. 7 disp.
1107,1107,Tryph. 8 disp.
1108,1108,Tryph. 9 disp.
1109,1109,Ulp. 0 de off. procons.
1110,1110,Ulp. 0 x.
1111,1111,Ulp. 1 ad Sab.
1112,1112,Ulp. 1 ad ed.
1113,1113,Ulp. 1 ad ed. aedil. curul.
1114,1114,Ulp. 1 ad l. Aeliam Sentiam.
1115,1115,Ulp. 1 ad leg. Iul. et Pap.
1116,1116,Ulp. 1 de adult.
1117,1117,Ulp. 1 de appellat.
1118,1118,Ulp. 1 de cens.
1119,1119,Ulp. 1 de off. cons.
1120,1120,Ulp. 1 de off. procons.
1121,1121,Ulp. 1 de omn. trib.
1122,1122,Ulp. 1 disp.
1123,1123,Ulp. 1 fideicomm.
1124,1124,Ulp. 1 inst.
1125,1125,Ulp. 1 opin.
1126,1126,Ulp. 1 reg.
1127,1127,Ulp. 1 resp.
1128,1128,Ulp. 10 ad Sab.
1129,1129,Ulp. 10 ad ed.
1130,1130,Ulp. 10 ad leg. Iul. et Pap.
1131,1131,Ulp. 10 de off. procons.
1132,1132,Ulp. 10 disp.
1133,1133,Ulp. 11 ad Sab.
1134,1134,Ulp. 11 ad ed.
1135,1135,Ulp. 11 ad leg. Iul. et Pap.
1136,1136,Ulp. 12 ad Sab.
1137,1137,Ulp. 12 ad ed.
1138,1138,Ulp. 13 ad Sab.
1139,1139,Ulp. 13 ad ed.
1140,1140,Ulp. 13 ad leg. Iul. et Pap.
1141,1141,Ulp. 14 ad Sab.
1142,1142,Ulp. 14 ad ed.
1143,1143,Ulp. 14 ad leg. Iul. et Pap.
1144,1144,Ulp. 15 ad Sab.
1145,1145,Ulp. 15 ad ed.
1146,1146,Ulp. 15 ad leg. Iul. et Pap.
1147,1147,Ulp. 16 ad Sab.
1148,1148,Ulp. 16 ad ed.
1149,1149,Ulp. 16 ad leg. Iul. et Pap.
1150,1150,Ulp. 17 ad Sab.
1151,1151,Ulp. 17 ad ed.
1152,1152,Ulp. 18 ad Sab.
1153,1153,Ulp. 18 ad ed.
1154,1154,Ulp. 18 ad leg. Iul. et Pap.
1155,1155,Ulp. 19 ad Sab.
1156,1156,Ulp. 19 ad ed.
1157,1157,Ulp. 19 ad leg. Iul. et Pap.
1158,1158,Ulp. 2 ad Sab.
1159,1159,Ulp. 2 ad ed.
1160,1160,Ulp. 2 ad ed. aedil. curul.
1161,1161,Ulp. 2 ad l. Aeliam Sentiam.
1162,1162,Ulp. 2 ad leg. Iul. et Pap.
1163,1163,Ulp. 2 de adult.
1164,1164,Ulp. 2 de appellat.
1165,1165,Ulp. 2 de cens.
1166,1166,Ulp. 2 de off. cons.
1167,1167,Ulp. 2 de off. procons.
1168,1168,Ulp. 2 de omn. trib.
1169,1169,Ulp. 2 disp.
1170,1170,Ulp. 2 fideicomm.
1171,1171,Ulp. 2 inst.
1172,1172,Ulp. 2 opin.
1173,1173,Ulp. 2 reg.
1174,1174,Ulp. 2 resp.
1175,1175,Ulp. 20 ad Sab.
1176,1176,Ulp. 20 ad ed.
1177,1177,Ulp. 20 ad leg. Iul. et Pap.
1178,1178,Ulp. 21 ad Sab.
1179,1179,Ulp. 21 ad ed.
1180,1180,Ulp. 22 ad Sab.
1181,1181,Ulp. 22 ad ed.
1182,1182,Ulp. 23 ad Sab.
1183,1183,Ulp. 23 ad ed.
1184,1184,Ulp. 24 ad Sab.
1185,1185,Ulp. 24 ad ed.
1186,1186,Ulp. 25 ad Sab.
1187,1187,Ulp. 25 ad ed.
1188,1188,Ulp. 26 ad Sab.
1189,1189,Ulp. 26 ad ed.
1190,1190,Ulp. 27 ad Sab.
1191,1191,Ulp. 27 ad ed.
1192,1192,Ulp. 28 ad Sab.
1193,1193,Ulp. 28 ad ed.
1194,1194,Ulp. 29 ad Sab.
1195,1195,Ulp. 29 ad ed.
1196,1196,Ulp. 3 ad Sab.
1197,1197,Ulp. 3 ad ed.
1198,1198,Ulp. 3 ad leg. Iul. et Pap.
1199,1199,Ulp. 3 de adult.
1200,1200,Ulp. 3 de appellat.
1201,1201,Ulp. 3 de cens.
1202,1202,Ulp. 3 de off. cons.
1203,1203,Ulp. 3 de off. procons.
1204,1204,Ulp. 3 de omn. trib.
1205,1205,Ulp. 3 disp.
1206,1206,Ulp. 3 fideicomm.
1207,1207,Ulp. 3 opin.
1208,1208,Ulp. 3 reg.
1209,1209,Ulp. 30 ad Sab.
1210,1210,Ulp. 30 ad ed.
1211,1211,Ulp. 31 ad Sab.
1212,1212,Ulp. 31 ad ed.
1213,1213,Ulp. 32 ad Sab.
1214,1214,Ulp. 32 ad ed.
1215,1215,Ulp. 33 ad Sab.
1216,1216,Ulp. 33 ad ed.
1217,1217,Ulp. 34 ad Sab.
1218,1218,Ulp. 34 ad ed.
1219,1219,Ulp. 35 ad Sab.
1220,1220,Ulp. 35 ad ed.
1221,1221,Ulp. 36 ad Sab.
1222,1222,Ulp. 36 ad ed.
1223,1223,Ulp. 37 ad Sab.
1224,1224,Ulp. 37 ad ed.
1225,1225,Ulp. 38 ad Sab.
1226,1226,Ulp. 38 ad ed.
1227,1227,Ulp. 39 ad Sab.
1228,1228,Ulp. 39 ad ed.
1229,1229,Ulp. 4 ad Sab.
1230,1230,Ulp. 4 ad ed.
1231,1231,Ulp. 4 ad l. Aeliam Sentiam.
1232,1232,Ulp. 4 ad leg. Iul. et Pap.
1233,1233,Ulp. 4 de adult.
1234,1234,Ulp. 4 de appellat.
1235,1235,Ulp. 4 de cens.
1236,1236,Ulp. 4 de off. procons.
1237,1237,Ulp. 4 de omn. trib.
1238,1238,Ulp. 4 disp.
1239,1239,Ulp. 4 fideicomm.
1240,1240,Ulp. 4 opin.
1241,1241,Ulp. 4 reg.
1242,1242,Ulp. 40 ad Sab.
1243,1243,Ulp. 40 ad ed.
1244,1244,Ulp. 41 ad Sab.
1245,1245,Ulp. 41 ad ed.
1246,1246,Ulp. 42 ad Sab.
1247,1247,Ulp. 42 ad ed.
1248,1248,Ulp. 43 ad Sab.
1249,1249,Ulp. 43 ad ed.
1250,1250,Ulp. 44 ad Sab.
1251,1251,Ulp. 44 ad ed.
1252,1252,Ulp. 45 ad Sab.
1253,1253,Ulp. 45 ad ed.
1254,1254,Ulp. 46 ad Sab.
1255,1255,Ulp. 46 ad ed.
1256,1256,Ulp. 47 ad Sab.
1257,1257,Ulp. 47 ad ed.
1258,1258,Ulp. 48 ad Sab.
1259,1259,Ulp. 48 ad ed.
1260,1260,Ulp. 49 ad Sab.
1261,1261,Ulp. 49 ad ed.
1262,1262,Ulp. 5 ad Sab.
1263,1263,Ulp. 5 ad ed.
1264,1264,Ulp. 5 ad leg. Iul. et Pap.
1265,1265,Ulp. 5 de adult.
1266,1266,Ulp. 5 de cens.
1267,1267,Ulp. 5 de off. procons.
1268,1268,Ulp. 5 de omn. trib.
1269,1269,Ulp. 5 disp.
1270,1270,Ulp. 5 fideicomm.
1271,1271,Ulp. 5 opin.
1272,1272,Ulp. 5 reg.
1273,1273,Ulp. 50 ad Sab.
1274,1274,Ulp. 50 ad ed.
1275,1275,Ulp. 51 ad Sab.
1276,1276,Ulp. 51 ad ed.
1277,1277,Ulp. 52 ad ed.
1278,1278,Ulp. 53 ad ed.
1279,1279,Ulp. 54 ad ed.
1280,1280,Ulp. 55 ad ed.
1281,1281,Ulp. 56 ad ed.
1282,1282,Ulp. 57 ad ed.
1283,1283,Ulp. 58 ad ed.
1284,1284,Ulp. 59 ad ed.
1285,1285,Ulp. 6 ad Sab.
1286,1286,Ulp. 6 ad ed.
1287,1287,Ulp. 6 ad leg. Iul. et Pap.
1288,1288,Ulp. 6 de off. procons.
1289,1289,Ulp. 6 disp.
1290,1290,Ulp. 6 fideicomm.
1291,1291,Ulp. 6 opin.
1292,1292,Ulp. 6 reg.
1293,1293,Ulp. 60 ad ed.
1294,1294,Ulp. 61 ad ed.
1295,1295,Ulp. 62 ad ed.
1296,1296,Ulp. 63 ad ed.
1297,1297,Ulp. 64 ad ed.
1298,1298,Ulp. 65 ad ed.
1299,1299,Ulp. 66 ad ed.
1300,1300,Ulp. 67 ad ed.
1301,1301,Ulp. 68 ad ed.
1302,1302,Ulp. 69 ad ed.
1303,1303,Ulp. 7 ad Sab.
1304,1304,Ulp. 7 ad ed.
1305,1305,Ulp. 7 ad leg. Iul. et Pap.
1306,1306,Ulp. 7 de off. procons.
1307,1307,Ulp. 7 disp.
1308,1308,Ulp. 7 reg.
1309,1309,Ulp. 70 ad ed.
1310,1310,Ulp. 71 ad ed.
1311,1311,Ulp. 72 ad ed.
1312,1312,Ulp. 73 ad ed.
1313,1313,Ulp. 74 ad ed.
1314,1314,Ulp. 75 ad ed.
1315,1315,Ulp. 76 ad ed.
1316,1316,Ulp. 77 ad ed.
1317,1317,Ulp. 78 ad ed.
1318,1318,Ulp. 79 ad ed.
1319,1319,Ulp. 8 ad Sab.
1320,1320,Ulp. 8 ad ed.
1321,1321,Ulp. 8 ad leg. Iul. et Pap.
1322,1322,Ulp. 8 de off. procons.
1323,1323,Ulp. 8 de omn. trib.
1324,1324,Ulp. 8 disp.
1325,1325,Ulp. 80 ad ed.
1326,1326,Ulp. 81 ad ed.
1327,1327,Ulp. 9 ad Sab.
1328,1328,Ulp. 9 ad ed.
1329,1329,Ulp. 9 ad leg. Iul. et Pap.
1330,1330,Ulp. 9 de off. procons.
1331,1331,Ulp. 9 de omn. trib.
1332,1332,Ulp. 9 disp.
1333,1333,Ulp. l. s. de off. const.
1334,1334,Ulp. l. s. de off. curat. rei p.
1335,1335,Ulp. l. s. de off. praef. vig.
1336,1336,Ulp. l. s. de off. praet. tutel.
1337,1337,Ulp. l. s. de off. prutelari.
1338,1338,Ulp. l. s. de off. pu.
1339,1339,Ulp. l. s. de off. quaest.
1340,1340,Ulp. l. s. de sponsal.
1341,1341,Ulp. l. s. excus.
1342,1342,Ulp. l. s. pand.
1343,1343,Ulp. l. s. reg.
1344,1344,Valens. 1 fideicomm.
1345,1345,Valens. 2 fideicomm.
1346,1346,Valens. 3 fideicomm.
1347,1347,Valens. 4 fideicomm.
1348,1348,Valens. 5 fideicomm.
1349,1349,Valens. 6 fideicomm.
1350,1350,Valens. 7 actionum.
1351,1351,Valens. 7 fideicomm.
1352,1352,Ven. 1 de off. procons.
1353,1353,Ven. 1 de publ. iudic.
1354,1354,Ven. 1 interd.
1355,1355,Ven. 1 stipul.
1356,1356,Ven. 10 actionum.
1357,1357,Ven. 11 stipul.
1358,1358,Ven. 12 stipul.
1359,1359,Ven. 15 stipul.
1360,1360,Ven. 16 stipul.
1361,1361,Ven. 17 stipul.
1362,1362,Ven. 2  de publ. iudic.
1363,1363,Ven. 2 de off. procons.
1364,1364,Ven. 2 de publ. iudic.
1365,1365,Ven. 2 interd.
1366,1366,Ven. 2 stipul.
1367,1367,Ven. 3 de publ. iudic.
1368,1368,Ven. 3 interd.
1369,1369,Ven. 3 stipul.
1370,1370,Ven. 4 actionum.
1371,1371,Ven. 4 interd.
1372,1372,Ven. 4 stipul.
1373,1373,Ven. 5 actionum.
1374,1374,Ven. 5 interd.
1375,1375,Ven. 6 interd.
1376,1376,Ven. 6 stipul.
1377,1377,Ven. 7 actionum.
1378,1378,Ven. 7 disp.
1379,1379,Ven. 7 stipul.
1380,1380,Ven. 8 actionum.
1381,1381,Ven. 9 stipul.
